imdb_rate,tomatoe_rate,imdb_votes_count,imdb_votes,popularity,movie_rate
8.8,8.7,9767,7.9,9.363643,8.69091075
8.7,8.7,6351,7.8,7.7538990000000005,8.23847475
8.5,9.6,3785,7.8,6.095293,7.998823249999999
8.5,9.5,938,7.9,2.364204,7.066051
8.4,8.7,7375,7.7,5.944518,7.6861295
8.4,9.5,2506,7.5,4.5783,7.494574999999999
8.3,8.9,3969,7.7,6.098027,7.74950675
8.3,9.5,1269,7.8,2.5826569999999998,7.045664250000001
8.4,10.0,662,7.8,0.816681,6.7541702500000005
8.1,9.3,1520,8.0,3.557846,7.2394615
8.2,9.7,1097,7.6,2.234953,6.933738249999999
8.2,8.8,2031,7.4,3.536655,6.9841637500000004
8.0,9.6,1339,7.2,2.571339,6.84283475
8.0,9.5,1688,7.4,1.385499,6.5713747499999995
8.0,9.5,2422,7.8,3.951582,7.3128955
8.2,9.1,830,7.8,2.04262,6.785654999999999
7.7,9.6,2022,7.1,1.9236939999999998,6.5809235
8.0,9.3,1831,7.8,1.765514,6.7163785
8.0,8.6,1727,7.6,2.046884,6.5617209999999995
8.1,9.5,716,7.5,1.465088,6.641272000000001
7.7,9.2,2854,7.6,6.118847,7.654711749999999
7.7,9.2,3317,6.9,3.931139,6.93278475
7.9,9.0,2141,7.1,3.7449559999999997,6.936239
7.9,9.0,1027,7.4,1.3282180000000001,6.407054499999999
7.8,9.2,2347,7.3,5.903353,7.55083825
7.8,9.2,10,6.3,2.407266,6.4268165
7.6,9.0,1595,6.9,2.103595,6.40089875
7.9,8.8,743,7.4,1.428302,6.3820755
7.8,8.0,755,7.3,1.36519,6.1162975
7.6,8.1,4851,7.1,3.7918809999999996,6.647970249999999
8.0,7.7,1691,7.1,3.520836,6.580209
7.6,8.5,1735,6.9,2.5567990000000003,6.38919975
7.7,7.9,1960,7.8,3.170271,6.6425677499999995
8.0,6.7,1392,7.5,0.8909090000000001,5.77272725
8.5,9.3,178,8.0,0.629432,6.6073580000000005
7.5,8.1,1258,7.2,1.906739,6.17668475
8.0,8.3,430,7.3,0.682531,6.070632750000001
7.8,7.5,2389,7.4,5.8984,7.1495999999999995
7.9,9.5,651,7.2,1.6444720000000002,6.5611180000000004
7.8,6.5,2436,7.2,2.566875,6.01671875
7.8,9.1,434,7.2,2.4306669999999997,6.63266675
7.8,9.0,495,7.4,0.787932,6.246983
7.8,7.1,1899,7.2,2.5373419999999998,6.1593355
7.5,9.3,1257,6.8,1.488615,6.27215375
7.7,8.5,480,7.0,0.855087,6.01377175
7.4,8.0,1762,6.9,2.441201,6.18530025
8.2,9.5,190,7.9,0.173477,6.443369249999999
7.7,8.1,614,7.1,1.165599,6.01639975
8.1,9.8,322,7.9,0.278117,6.5195292500000015
8.1,9.9,263,8.0,1.37667,6.8441675
7.6,8.5,784,7.1,1.345091,6.13627275
7.5,9.5,426,7.2,1.021218,6.3053045
7.8,6.8,1329,7.7,2.195536,6.123884
7.6,8.7,543,6.8,1.9058830000000002,6.25147075
7.4,9.7,739,6.9,0.8646969999999999,6.21617425
7.2,7.3,2376,6.6,4.02924,6.282309999999999
7.7,6.6,1093,7.1,1.622536,5.755634
7.3,8.9,912,6.9,1.9458939999999998,6.2614735
7.3,8.9,161,5.5,0.971052,5.667763
7.5,7.9,811,7.3,1.261132,5.990283
7.9,9.9,163,7.8,0.167149,6.44178725
7.3,8.4,1022,7.0,1.265401,5.99135025
7.3,8.3,561,6.5,1.117552,5.804388
7.2,7.8,741,6.4,2.440099,5.96002475
7.2,7.8,10,5.3,0.094652,5.098663
7.8,6.3,746,7.6,1.6106200000000002,5.827655
7.7,9.3,423,7.5,1.865007,6.59125175
7.1,9.1,669,6.8,1.116296,6.029074
6.8,6.8,57,4.2,0.872149,4.66803725
7.2,8.7,638,6.6,2.8851259999999996,6.3462815
7.4,8.7,530,6.9,1.271367,6.06784175
7.2,8.1,1207,6.6,2.726573,6.15664325
7.0,7.7,1373,6.4,1.499784,5.649946
7.3,7.4,1448,6.6,2.2343,5.883575
6.8,8.9,1119,6.3,1.480497,5.87012425
7.2,8.7,227,6.7,1.212565,5.95314125
7.1,8.5,706,6.5,2.463982,6.140995500000001
7.5,8.9,179,4.0,1.0389540000000002,5.3597385
7.5,8.9,143,6.7,0.396864,5.8742160000000005
7.6,8.5,252,7.3,0.8285319999999999,6.057132999999999
7.6,5.5,788,7.3,1.846848,5.561712
7.3,9.2,118,6.7,0.326577,5.88164425
7.5,9.2,232,7.1,0.677303,6.119325749999999
7.4,9.0,176,6.7,0.689094,5.9472735000000005
7.2,8.5,1035,6.9,3.0795220000000003,6.4198805000000005
7.1,8.8,485,6.3,0.8555200000000001,5.76388
7.2,7.1,1755,6.8,1.432796,5.633198999999999
7.1,9.1,480,6.8,0.602735,5.90068375
8.4,10.0,13,7.5,0.083258,6.4958145
7.4,9.9,202,6.9,0.609613,6.202403250000001
7.0,7.1,581,6.3,1.616191,5.50404775
7.1,9.6,263,6.7,0.8966270000000001,6.074156749999999
7.2,6.1,651,6.7,1.513108,5.378277
7.2,6.1,17,4.1,0.35347399999999995,4.438368499999999
7.4,6.9,606,6.7,2.160936,5.790234
7.5,8.1,81,6.8,0.7514460000000001,5.7878615
7.1,8.3,490,6.5,1.058691,5.7396727499999995
6.9,9.0,700,5.8,2.46449,6.041122500000001
6.6,9.1,15,5.3,0.12131600000000001,5.280329
6.6,9.1,25,5.8,0.266021,5.44150525
7.4,8.2,173,6.8,0.8939370000000001,5.82348425
7.5,7.0,183,7.5,0.54281,5.6357025
7.2,8.5,387,6.8,1.106899,5.90172475
7.0,9.0,240,6.4,0.884343,5.82108575
7.3,6.7,656,6.7,1.178045,5.46951125
6.6,8.2,1826,6.5,3.508379,6.20209475
6.7,8.2,734,6.1,1.057585,5.51439625
7.5,8.2,74,6.8,0.351379,5.71284475
7.4,4.0,927,6.9,1.191235,4.87280875
7.1,9.2,225,6.6,1.301204,6.050300999999999
7.2,8.3,113,6.5,1.008461,5.75211525
7.2,9.4,67,6.7,0.42095699999999997,5.9302392500000005
7.2,7.4,611,6.9,1.592819,5.77320475
7.0,8.9,384,6.4,2.576396,6.219099
6.6,7.8,951,6.1,1.419224,5.479806
6.8,6.6,999,6.7,1.396973,5.37424325
6.9,4.3,28,6.2,0.17219,4.3930475
6.9,4.3,1134,6.4,1.964673,4.891168250000001
7.0,6.5,14,4.3,0.098039,4.47450975
7.1,6.7,867,7.3,2.557859,5.9144647500000005
7.1,7.1,810,6.4,1.359987,5.48999675
7.5,7.4,273,7.2,1.316239,5.85405975
7.5,9.0,180,6.6,0.46315500000000004,5.8907887500000005
6.9,7.2,219,6.0,0.685325,5.19633125
6.6,6.8,1010,6.3,1.7264700000000002,5.3566175
6.9,7.1,629,6.6,1.026924,5.406731000000001
6.1,7.8,1537,5.6,3.16167,5.6654175
7.0,7.7,341,6.5,1.14937,5.5873425
7.2,8.1,189,6.9,0.568529,5.69213225
7.1,10.0,55,5.8,0.26952800000000005,5.792382
6.4,6.2,1433,6.2,2.5867869999999997,5.34669675
7.3,6.7,352,7.2,1.4490459999999998,5.6622615
7.8,8.6,44,7.0,0.29132199999999997,5.9228305
7.3,9.2,126,7.3,0.8369409999999999,6.15923525
7.1,8.2,182,6.8,0.289951,5.59748775
7.0,3.1,1708,6.5,6.887883,5.871970750000001
6.6,6.4,1147,6.1,2.217084,5.329271
6.8,3.5,2138,6.4,4.21265,5.2281625
8.2,9.2,14,7.0,0.127707,6.13192675
6.6,5.2,583,6.0,1.560867,4.84021675
6.4,7.2,359,5.9,1.047978,5.1369945
6.9,9.2,229,6.6,1.329702,6.0074255
6.8,6.4,914,6.7,1.3743,5.318575000000001
7.4,9.9,59,7.3,0.507866,6.2769665
6.9,8.4,135,6.8,0.324,5.606000000000001
7.0,8.3,212,6.7,1.116674,5.7791685
7.1,8.0,125,6.4,0.346071,5.46151775
7.0,6.1,448,6.4,1.148377,5.16209425
6.8,4.6,1032,6.3,1.462377,4.79059425
6.8,8.1,184,6.3,0.758614,5.4896535
6.9,4.8,988,6.3,0.943815,4.73595375
8.0,9.0,28,7.9,0.284097,6.296024249999999
6.5,4.9,2403,6.2,2.063266,4.9158165
6.9,9.0,43,6.9,0.322457,5.78061425
7.0,6.8,853,6.5,1.138277,5.35956925
6.6,5.6,867,6.4,2.241935,5.21048375
6.3,8.5,704,6.0,0.757089,5.38927225
6.5,6.5,439,6.0,1.133017,5.03325425
6.8,7.3,217,6.6,0.526992,5.306748
6.7,10.0,52,6.2,0.287418,5.796854499999999
7.1,5.7,851,6.5,2.8464650000000002,5.53661625
7.1,5.7,49,7.3,0.128484,5.057121
7.7,9.6,11,7.8,0.12254300000000001,6.3056357499999995
6.9,6.1,619,6.7,2.28135,5.495337500000001
6.9,6.1,120,6.3,1.613752,5.228438
6.3,6.9,1314,5.8,2.686888,5.421722
6.4,4.1,1764,6.0,1.800286,4.5750715
7.8,8.6,42,7.3,0.140782,5.9601955
6.6,7.1,254,6.2,0.891508,5.197877
6.8,9.0,145,6.7,0.360727,5.71518175
6.5,8.0,276,6.2,1.019335,5.42983375
6.4,6.7,805,6.1,1.0892680000000001,5.072317000000001
6.9,5.3,218,6.9,0.691822,4.9479555
7.5,7.0,75,7.7,0.820691,5.75517275
6.6,2.3,1041,6.3,1.6152309999999999,4.20380775
7.6,9.5,49,7.2,0.08326900000000001,6.09581725
6.3,8.9,110,5.9,0.19733599999999998,5.324334
6.3,8.9,77,5.6,0.126695,5.231673750000001
6.5,5.2,1657,6.1,3.9892309999999997,5.44730775
6.6,5.9,249,6.1,1.041497,4.91037425
6.9,6.6,110,6.3,0.609408,5.102351999999999
6.6,7.4,111,6.0,0.397495,5.09937375
7.0,5.0,103,6.5,0.608679,4.77716975
6.7,3.5,693,6.2,1.303223,4.425805749999999
6.9,7.7,247,6.5,0.6320479999999999,5.433012000000001
6.8,3.6,907,6.5,1.3772389999999999,4.5693097499999995
6.5,5.7,565,5.9,2.391809,5.12295225
6.9,6.7,103,6.6,0.323826,5.130956500000001
7.6,7.5,48,7.8,0.389554,5.8223885
7.2,3.3,904,7.6,2.2950909999999998,5.098772749999999
7.8,8.1,75,7.4,0.6964130000000001,5.99910325
6.9,5.4,265,6.5,1.5681200000000002,5.09203
6.3,7.1,14,4.6,0.314238,4.5785595
6.4,3.3,1273,5.9,1.8887459999999998,4.3721865
6.9,6.2,223,6.6,0.857292,5.139323000000001
6.2,5.0,733,6.1,2.977558,5.0693895
7.0,9.1,47,6.4,0.335002,5.7087505
6.8,4.0,180,6.4,1.3925809999999998,4.64814525
7.3,7.5,177,7.0,1.827148,5.9067870000000005
6.4,5.8,318,5.9,0.61643,4.679107500000001
6.2,7.3,480,5.7,0.836457,5.00911425
6.9,7.3,231,7.1,0.8982959999999999,5.549573999999999
6.5,3.3,1670,5.8,3.7896330000000003,4.84740825
6.6,8.1,190,6.5,1.6497330000000001,5.71243325
6.4,5.2,509,6.0,2.129874,4.932468500000001
6.7,1.7,1015,6.3,5.838503,5.13462575
7.0,6.1,287,6.8,0.8931209999999999,5.19828025
6.2,5.4,557,5.9,1.15929,4.6648225
6.4,8.7,65,6.3,0.441402,5.4603505
6.4,8.0,258,6.3,1.384508,5.521127000000001
6.7,2.7,358,6.2,1.949225,4.38730625
6.4,9.1,74,5.7,0.649628,5.462407000000001
6.2,8.0,219,5.2,1.2851059999999999,5.171276499999999
6.2,5.3,681,5.9,1.8152439999999999,4.803811
6.2,7.8,54,5.1,0.43762700000000004,4.884406749999999
6.3,8.4,265,5.9,0.9376200000000001,5.384405
6.1,5.7,692,5.8,1.846196,4.861549
7.0,6.7,36,6.9,0.34920300000000004,5.23730075
6.5,7.0,133,6.3,1.14644,5.23661
5.8,3.9,3533,5.6,2.9797860000000003,4.5699465
6.5,6.4,197,6.2,0.758133,4.964533250000001
6.6,4.6,234,6.1,0.464139,4.441034749999999
7.0,3.6,591,6.9,1.4703629999999999,4.74259075
6.2,4.2,248,5.7,0.9851639999999999,4.271291000000001
6.2,4.8,519,5.9,0.981031,4.47025775
6.9,8.8,59,6.5,0.191606,5.597901500000001
6.6,3.0,979,6.2,5.806897,5.40172425
7.4,7.1,36,7.6,0.06667000000000001,5.5416675
6.9,4.3,123,6.5,0.282881,4.495720250000001
6.7,3.9,179,6.1,0.528177,4.30704425
6.1,5.0,723,5.6,1.713611,4.60340275
6.4,4.1,612,6.0,1.926432,4.606608
7.7,5.9,26,6.7,0.348325,5.16208125
6.5,6.4,173,6.1,0.381751,4.84543775
6.5,5.0,273,6.1,1.108366,4.6770915
7.0,4.5,225,6.9,0.578282,4.7445705
5.8,8.0,339,5.5,1.517201,5.20430025
5.9,6.7,502,5.6,1.3092489999999999,4.877312250000001
7.2,9.5,20,7.3,0.07905,6.0197625
6.5,7.5,109,6.5,0.953111,5.36327775
6.2,4.5,490,5.6,1.2830059999999999,4.3957515
6.8,5.4,247,6.6,1.570083,5.09252075
6.4,4.6,404,5.3,0.7995899999999999,4.274897499999999
6.4,4.6,110,6.5,0.938766,4.6096915
6.7,6.7,133,6.4,0.8923559999999999,5.173089
6.0,7.4,139,5.5,1.213215,5.028303749999999
5.9,6.7,240,5.9,0.711674,4.8029185
5.8,4.7,229,5.4,0.958991,4.214747750000001
6.0,6.8,143,5.7,0.619369,4.77984225
6.5,4.2,74,6.2,0.396129,4.324032249999999
6.4,5.0,80,6.4,0.468045,4.56701125
6.5,2.9,516,6.5,0.82289,4.1807225
6.3,8.0,174,5.5,0.77107,5.142767500000001
6.3,6.7,23,6.5,0.31963600000000003,4.954909
6.6,5.3,21,6.3,0.43231899999999995,4.65807975
6.3,2.4,789,6.0,0.665367,3.8413417499999998
6.1,4.8,395,6.1,0.685491,4.42137275
6.2,2.0,756,6.1,2.17643,4.1191075
6.4,5.0,248,5.8,0.883228,4.5208070000000005
6.4,4.8,137,6.4,0.566943,4.54173575
6.4,3.6,341,6.8,0.912122,4.4280305
6.4,5.6,305,5.8,1.297769,4.774442249999999
6.4,6.5,279,6.1,0.9165780000000001,4.9791445
8.2,8.3,65,7.3,0.029945,5.9574862500000005
6.8,8.6,11,6.2,0.319907,5.4799767500000005
6.7,4.2,49,7.0,0.253319,4.53832975
6.8,8.0,97,6.2,0.668285,5.41707125
6.4,6.5,63,6.8,0.599079,5.074769750000001
6.1,4.3,362,5.4,0.561179,4.09029475
6.4,5.2,333,6.2,0.37054000000000004,4.542635
6.5,6.2,193,6.1,0.86636,4.91659
6.4,6.6,164,6.0,1.052381,5.01309525
5.4,1.7,31,5.6,0.31077899999999997,3.25269475
6.8,5.1,181,6.7,0.797723,4.849430750000001
5.8,4.3,535,5.8,1.498538,4.3496345
6.6,4.1,50,6.3,0.6340819999999999,4.4085205
6.8,3.4,149,6.4,0.756472,4.339118
5.8,4.4,854,5.4,1.0583420000000001,4.1645855
6.3,2.9,737,6.5,1.784073,4.37101825
6.3,6.5,221,6.2,0.49127299999999996,4.87281825
6.6,2.9,170,6.1,0.712173,4.07804325
5.7,3.6,1041,5.5,1.19533,3.9988325000000002
7.2,5.7,17,6.3,0.096955,4.82423875
6.3,2.0,1555,5.9,1.904422,4.0261055
7.0,8.2,19,7.4,0.21735300000000002,5.70433825
5.8,7.6,57,5.1,0.792471,4.82311775
5.4,8.1,366,5.4,1.594587,5.12364675
6.5,3.8,432,6.1,1.107689,4.37692225
6.6,5.2,160,5.7,0.644806,4.5362015
6.1,6.1,400,5.8,1.319416,4.829854
6.1,6.1,28,5.9,0.245902,4.586475500000001
6.5,1.9,719,6.2,2.578919,4.29472975
6.2,5.9,13,6.2,0.316739,4.65418475
5.6,5.0,718,5.4,1.606999,4.4017497500000005
6.7,4.4,161,6.1,0.905416,4.5263539999999995
6.7,4.6,192,6.3,0.778247,4.5945617499999996
6.1,7.0,193,5.6,0.707968,4.851992
5.6,7.4,31,5.4,0.257275,4.66431875
6.5,4.1,568,6.2,0.72458,4.381145
5.7,3.7,542,5.6,1.7663970000000002,4.19159925
6.8,5.7,16,7.1,0.31364699999999995,4.97841175
6.8,6.1,75,7.1,0.340767,5.08519175
6.2,2.8,363,5.9,0.767076,3.9167689999999995
6.3,3.8,689,6.0,1.0488950000000001,4.287223750000001
7.7,8.8,21,5.6,0.174183,5.56854575
6.3,5.1,297,5.9,1.145724,4.6114310000000005
6.3,6.0,22,6.4,0.040688999999999996,4.68517225
6.2,5.3,144,5.6,0.555793,4.41394825
6.4,7.0,42,6.6,0.251658,5.0629145
6.1,3.2,193,5.8,1.235745,4.08393625
5.2,2.6,986,5.2,2.148427,3.78710675
6.0,6.3,98,5.8,0.375865,4.618966250000001
5.3,2.7,1937,5.2,6.189369,4.84734225
5.7,3.9,214,5.5,0.840205,3.98505125
5.9,4.1,324,5.4,0.73988,4.03497
6.0,5.8,18,6.1,0.31548200000000004,4.5538704999999995
5.8,2.2,882,5.8,0.131526,3.4828815
6.4,8.0,33,6.7,0.064907,5.291226750000001
6.3,7.8,39,6.3,0.292564,5.173140999999999
6.0,2.9,341,5.6,0.8752469999999999,3.84381175
6.0,2.9,101,7.3,0.712389,4.22809725
6.2,6.1,255,5.6,0.495519,4.59887975
5.7,5.6,144,5.5,0.783216,4.395804
5.6,5.9,10,4.1,0.072393,3.91809825
5.6,5.9,714,5.3,0.9394020000000001,4.4348505
6.0,2.0,1084,6.0,2.162441,4.04061025
5.8,3.5,188,5.7,0.699833,3.92495825
6.9,7.2,36,5.3,0.24742600000000003,4.9118565
5.7,4.2,308,5.4,1.0147059999999999,4.0786765
6.3,1.1,96,6.2,0.669113,3.56727825
7.0,6.5,44,6.5,0.29081999999999997,5.072705
7.0,6.8,10,6.4,0.017849,5.054462249999999
6.2,3.8,412,6.2,0.8809379999999999,4.2702345
5.9,5.9,79,5.6,0.301614,4.4254035
6.1,4.8,175,5.4,0.468552,4.192137999999999
5.8,5.1,223,5.7,0.382434,4.2456085
5.6,3.9,168,5.3,0.7711640000000001,3.892791
6.3,2.5,218,6.1,0.7967609999999999,3.9241902499999997
6.2,2.6,501,6.1,1.1403020000000001,4.010075499999999
5.6,7.5,500,6.9,2.121884,5.530471
5.6,7.5,18,5.2,0.438324,4.684581
6.1,5.0,26,5.7,0.114027,4.228506749999999
5.5,4.0,278,5.3,1.412067,4.05301675
6.2,5.1,234,5.5,0.806361,4.40159025
6.3,3.9,202,6.2,1.315266,4.4288165
6.5,4.8,151,5.9,0.506605,4.42665125
5.6,6.0,186,5.4,1.1383889999999999,4.53459725
5.6,6.0,10,5.9,0.14316500000000001,4.41079125
6.5,5.7,13,6.2,0.001983,4.600495749999999
5.3,1.5,474,5.5,1.450364,3.4375910000000003
5.6,2.4,242,5.6,1.223177,3.70579425
5.3,5.9,75,5.4,0.202265,4.2005662500000005
6.2,7.9,11,6.5,0.416516,5.254129000000001
5.6,1.2,553,5.5,1.255298,3.3888245
5.9,4.2,139,5.4,0.737768,4.059442000000001
5.7,1.8,675,5.6,1.1458059999999999,3.5614515
6.0,8.4,22,4.6,0.32910900000000004,4.83227725
5.8,2.7,452,5.5,1.285167,3.82129175
6.1,3.5,135,5.6,1.9597650000000002,4.28994125
5.7,6.3,23,5.2,0.03884,4.30971
5.4,1.6,2169,6.2,3.689601,4.222400250000001
5.4,1.6,582,5.1,1.170499,3.31762475
6.1,5.7,16,5.5,0.47175,4.442937499999999
5.4,8.4,32,5.1,0.193323,4.7733307499999995
5.4,2.5,228,5.4,0.8067350000000001,3.52668375
5.9,3.9,142,5.5,0.674762,3.9936905
7.6,10.0,13,7.2,0.09638300000000001,6.224095749999999
5.2,2.9,472,5.5,1.083957,3.6709892500000003
6.1,3.2,14,7.3,0.196975,4.19924375
5.8,2.9,215,5.6,0.9246549999999999,3.80616375
6.3,4.4,136,6.1,0.721548,4.380387
6.2,3.7,35,5.4,0.892862,4.0482155
5.5,5.0,16,4.8,0.360554,3.9151385000000003
5.3,4.5,206,4.9,0.5594720000000001,3.8148679999999997
5.3,6.7,67,5.2,0.705609,4.47640225
4.7,1.3,146,6.1,0.300442,3.1001105
5.5,7.1,101,5.4,0.43959799999999993,4.6098995
5.1,7.7,11,6.2,0.147319,4.78682975
5.8,3.8,218,5.5,0.608282,3.9270705
5.9,3.0,218,5.8,2.161064,4.215266000000001
6.2,2.3,322,5.7,1.443406,3.9108514999999997
5.7,2.6,137,5.3,0.675717,3.5689292500000005
6.2,4.3,113,5.7,1.06823,4.3170575
6.7,8.0,39,6.2,0.344549,5.31113725
5.9,0.8,72,6.1,1.255616,3.513904
5.6,1.8,310,5.5,0.8391069999999999,3.4347767499999997
5.3,3.8,194,4.8,0.890965,3.6977412499999995
4.9,2.0,164,4.5,0.669351,3.0173377500000003
6.2,4.6,56,5.9,0.548656,4.312164
5.6,4.4,141,4.8,0.47065100000000004,3.8176627499999998
5.6,1.4,350,5.6,0.69948,3.3248699999999998
5.5,4.3,116,5.5,0.305643,3.90141075
6.0,0.6,235,5.9,0.528255,3.25706375
6.8,5.7,10,6.6,0.136706,4.8091765
6.3,2.2,49,5.9,0.406941,3.7017352500000005
5.5,2.0,53,5.5,0.257263,3.31431575
5.5,2.0,897,5.8,1.412233,3.6780582500000003
5.5,2.0,497,6.8,1.263483,3.8908707500000004
5.5,0.6,144,5.7,0.40582199999999996,3.0514555000000003
5.4,2.6,215,5.5,0.880268,3.5950670000000002
6.1,4.2,53,6.0,0.470991,4.19274775
5.6,4.1,77,5.7,0.336167,3.93404175
5.8,3.6,26,4.2,0.301709,3.4754272500000005
5.8,3.6,10,6.0,0.184723,3.8961807499999996
5.3,1.5,70,5.4,0.5584020000000001,3.1896005
5.6,0.5,39,5.2,0.34428600000000004,2.9110715000000003
5.6,3.3,119,5.9,0.5062409999999999,3.8265602499999996
5.6,3.9,32,5.3,0.190667,3.7476667499999996
5.3,1.6,331,5.5,1.742286,3.5355714999999996
5.0,0.9,345,5.5,0.8924549999999999,3.07311375
5.8,2.7,35,5.3,0.196421,3.4991052500000004
4.5,1.6,275,5.5,0.984762,3.1461905
5.2,2.3,205,4.9,0.9416040000000001,3.335401
5.0,1.9,289,4.8,0.70817,3.1020424999999996
3.9,0.9,189,5.0,1.101383,2.7253457500000002
6.0,3.7,52,4.8,0.621645,3.7804112500000002
5.5,4.1,50,5.4,0.525783,3.88144575
5.3,3.3,91,5.0,0.41491300000000003,3.5037282500000004
5.0,1.0,262,5.1,0.8431489999999999,2.98578725
5.2,0.5,14,3.9,0.26004499999999997,2.4650112500000003
5.8,4.0,78,5.2,0.442067,3.86051675
4.5,1.8,66,4.8,0.322152,2.855538
5.3,1.9,13,5.2,0.422767,3.2056917499999997
6.3,1.2,43,5.8,0.626306,3.4815765
5.3,3.4,82,5.4,0.524315,3.6560787500000003
4.1,0.5,732,4.7,1.538276,2.709569
5.9,3.0,52,5.4,0.5485869999999999,3.71214675
5.5,1.6,16,5.8,0.13792100000000002,3.25948025
4.6,3.4,19,6.8,0.41189899999999996,3.8029747499999997
5.1,2.9,20,4.6,0.13616099999999998,3.18404025
4.1,2.2,69,5.7,0.43558199999999997,3.1088955
5.7,3.8,35,6.7,0.33726100000000003,4.13431525
4.5,4.0,31,5.7,0.502088,3.675522
5.0,1.1,62,4.7,1.0389709999999999,2.95974275
5.6,2.5,33,5.6,0.829686,3.6324215
4.8,0.4,133,5.5,1.074793,2.9436982499999997
5.3,1.0,54,4.7,0.650841,2.91271025
5.2,2.1,23,4.8,0.43307299999999993,3.1332682500000004
4.7,4.6,20,4.8,0.34770700000000004,3.6119267499999994
5.4,5.1,15,5.4,0.44645799999999997,4.0866145000000005
3.5,2.2,125,4.5,0.688697,2.7221742499999997
4.2,2.0,1042,7.1,4.143585,4.36089625
4.9,1.7,94,5.2,0.58425,3.0960625000000004
5.3,1.9,67,5.5,0.515401,3.30385025
5.5,0.9,121,5.2,1.466453,3.2666132500000002
4.7,1.1,86,4.9,0.566856,2.8167139999999997
5.4,2.9,26,4.0,0.20435599999999998,3.1260890000000003
3.8,1.4,144,4.5,0.885215,2.64630375
4.4,0.3,84,5.1,0.529881,2.58247025
5.3,1.5,19,5.2,0.27169699999999997,3.06792425
4.2,0.6,162,4.5,0.491648,2.447912
6.2,2.9,23,6.4,0.13802999999999999,3.9095075
4.7,2.4,35,4.8,0.36817,3.0670424999999994
4.3,1.7,60,3.8,0.533347,2.58333675
4.8,1.6,18,4.5,0.219829,2.77995725
3.5,1.8,40,4.8,0.394271,2.62356775
3.4,0.5,134,6.8,0.49950600000000006,2.7998765
9.0,9.4,8432,8.1,8.466667999999999,8.741667
8.7,9.6,1798,8.0,2.659926,7.2399815
8.3,9.7,1592,7.7,2.2020869999999997,6.9755217499999995
8.6,7.8,2299,8.0,2.719461,6.779865249999999
8.2,8.4,4914,7.3,5.400826,7.3252065
8.1,8.5,2932,7.6,6.174132,7.593533000000001
7.6,9.0,2165,7.1,2.041804,6.4354510000000005
8.0,8.4,2346,7.5,4.535598,7.1088995
7.6,9.6,1084,7.0,2.100704,6.575176000000001
7.6,9.6,98,7.0,0.311288,6.127822000000001
7.6,9.3,773,6.8,1.531633,6.3079082500000005
8.0,8.6,426,7.5,2.22723,6.5818075
7.8,9.0,501,7.5,1.295204,6.398801000000001
7.5,8.5,1910,7.4,3.4723580000000003,6.7180895
7.7,8.9,334,7.0,0.577802,6.0444505
7.4,9.1,751,6.6,0.598075,5.924518750000001
7.0,9.2,1403,6.5,1.832955,6.133238749999999
7.6,9.6,273,7.1,0.5677760000000001,6.216943999999999
7.7,8.7,406,7.0,0.9460559999999999,6.086513999999999
7.0,8.1,1527,6.6,2.0267169999999997,5.93167925
7.2,8.8,314,7.1,0.71023,5.9525575
7.2,9.3,194,7.1,0.616772,6.054193
7.2,8.5,551,6.8,1.1421709999999998,5.91054275
7.2,8.8,1385,6.5,1.499109,5.99977725
7.1,9.3,1399,6.0,1.06549,5.8663725
7.5,7.5,345,7.3,1.079441,5.84486025
7.1,8.8,353,6.6,0.9196350000000001,5.85490875
7.2,7.2,1190,6.6,1.540322,5.6350805
7.2,9.6,163,6.4,1.4125159999999999,6.153129
7.0,9.7,663,6.3,1.525559,6.13138975
7.2,8.7,129,6.9,0.802896,5.900724
7.8,9.5,145,7.2,0.43785,6.2344625
7.4,8.7,119,6.3,0.467297,5.716824249999999
7.2,8.2,237,6.6,1.28293,5.8207325
7.4,9.0,162,7.2,0.5415,6.035375
7.1,8.0,432,6.7,1.855981,5.913995249999999
7.3,7.4,246,6.7,1.36053,5.690132500000001
6.8,9.2,164,6.3,0.699455,5.74986375
7.3,4.7,484,6.8,1.309466,5.0273665
6.8,7.9,558,6.2,0.8651049999999999,5.4412762500000005
6.9,8.4,245,6.3,0.991867,5.64796675
7.0,7.2,529,6.5,1.20464,5.47616
7.4,9.5,23,5.6,0.189141,5.67228525
7.1,9.6,102,7.0,0.266117,5.991529250000001
6.6,8.5,309,6.0,1.496493,5.649123250000001
6.9,4.7,1506,6.5,1.624483,4.931120750000001
7.1,8.9,61,6.9,0.471747,5.84293675
7.4,9.0,112,7.5,0.471393,6.092848249999999
6.5,9.3,714,6.0,1.8070400000000002,5.90176
7.4,5.1,570,6.8,1.078211,5.094552749999999
7.4,8.7,61,6.5,0.19269,5.6981725
7.0,9.0,57,6.3,0.37349699999999997,5.66837425
6.7,5.9,580,6.1,1.9602169999999999,5.16505425
7.1,7.0,402,7.1,1.0405879999999998,5.560147
6.8,8.7,208,6.7,0.929125,5.78228125
6.6,7.5,501,6.3,1.235478,5.4088695
6.7,8.0,239,6.1,0.82288,5.4057200000000005
7.2,4.6,203,6.7,0.386756,4.721689
6.5,5.0,637,5.9,1.1214870000000001,4.63037175
6.7,7.9,196,6.3,0.482368,5.345592
6.5,7.5,665,6.2,1.227417,5.35685425
7.6,9.3,48,7.2,0.051262,6.037815500000001
6.6,8.8,184,5.9,0.8219879999999999,5.530497
7.5,9.9,54,6.7,1.01535,6.278837500000001
7.0,6.5,302,6.5,0.640516,5.160129
7.1,9.5,47,6.8,0.066122,5.8665305
6.8,8.7,56,6.4,0.8380340000000001,5.6845085
7.6,9.4,14,6.8,0.030719,5.95767975
6.4,8.1,318,6.1,0.964707,5.3911767500000005
6.9,7.7,33,6.5,0.197542,5.3243855
6.9,4.8,462,6.8,1.085408,4.896352
6.9,8.8,176,6.4,0.560348,5.665087000000001
7.0,7.2,148,6.6,1.0630549999999999,5.46576375
6.2,3.5,2456,6.1,0.7605029999999999,4.14012575
6.2,6.1,131,5.7,0.602268,4.650567
6.2,4.9,859,6.1,2.2525049999999998,4.86312625
6.7,8.6,262,6.4,1.113113,5.703278249999999
6.8,9.9,13,6.7,0.307691,5.92692275
7.0,8.1,11,6.7,0.076214,5.4690535
5.9,6.9,266,6.5,0.785489,5.02137225
5.9,6.9,282,6.0,0.791148,4.897787
6.9,7.6,161,6.0,0.5366310000000001,5.25915775
6.9,7.6,59,6.3,0.359048,5.289762
6.1,8.3,257,6.1,0.835456,5.333864
6.6,8.5,94,6.9,0.526642,5.6316605
6.8,3.8,201,6.6,0.805517,4.501379249999999
6.4,6.3,19,4.5,0.422828,4.4057070000000005
6.4,7.9,41,5.8,0.383921,5.120980250000001
6.6,8.0,15,6.1,0.117202,5.2043004999999996
6.4,6.1,304,6.2,0.784571,4.871142750000001
6.7,7.6,60,6.4,0.284617,5.24615425
5.8,6.7,406,6.0,0.760193,4.81504825
6.4,1.8,52,6.8,0.400179,3.85004475
6.4,5.5,230,6.2,0.931643,4.757910750000001
7.0,9.2,121,5.5,0.485311,5.54632775
7.3,8.4,36,7.5,0.213957,5.85348925
6.8,7.5,21,6.2,0.373977,5.21849425
6.0,5.8,226,5.9,0.666908,4.591727
6.6,3.2,590,6.2,0.95865,4.2396625
6.5,8.6,39,6.3,0.170821,5.39270525
7.0,7.5,236,6.0,0.779837,5.31995925
7.0,7.5,12,6.4,0.42058500000000004,5.330146249999999
5.7,5.8,176,6.4,0.836515,4.684128749999999
6.1,8.3,89,5.9,0.335255,5.15881375
6.4,4.2,304,6.0,1.823058,4.6057645
5.9,8.0,73,6.0,0.44426499999999997,5.08606625
6.1,4.3,695,5.9,1.3882510000000001,4.422062749999999
6.5,5.2,83,6.1,0.324427,4.53110675
6.1,5.4,258,5.7,0.746989,4.4867472500000005
5.6,5.9,421,5.7,0.875432,4.518858000000001
6.1,6.7,114,5.7,0.5805859999999999,4.7701465
7.0,5.4,80,6.3,0.364652,4.766163
7.0,3.7,207,6.9,0.747577,4.58689425
5.9,5.6,18,6.1,0.200906,4.4502265
6.4,5.0,134,6.6,0.787327,4.69683175
6.7,4.5,196,6.3,1.0723559999999999,4.643089
6.0,7.6,58,5.9,0.20498899999999998,4.92624725
6.9,4.8,262,5.8,0.9060360000000001,4.601509
6.1,7.1,43,5.4,0.338543,4.734635750000001
6.5,2.3,283,6.3,1.2347,4.0836749999999995
5.8,1.7,672,5.6,1.830211,3.73255275
6.2,7.5,26,5.4,0.32771500000000003,4.856928750000001
6.1,5.0,135,6.1,0.5872729999999999,4.44681825
6.8,4.0,49,6.6,0.551708,4.487927
6.3,3.7,470,6.1,1.7894,4.4723500000000005
6.7,6.6,30,6.6,0.12730999999999998,5.0068275
6.9,3.7,24,7.0,0.164823,4.44120575
6.0,2.9,198,5.8,1.014049,3.92851225
6.4,3.9,65,6.3,0.572198,4.2930495
6.0,3.8,24,5.8,0.160125,3.94003125
5.8,6.2,228,5.5,1.211868,4.677967
6.0,2.4,115,6.6,0.6014510000000001,3.90036275
5.6,6.0,161,5.4,1.661789,4.66544725
5.3,4.0,64,5.5,0.8075899999999999,3.9018975
6.2,2.1,298,6.0,0.9992989999999999,3.8248247500000003
5.9,3.1,312,5.4,0.748854,3.7872135
6.1,3.5,47,6.0,0.6823560000000001,4.070589
5.7,3.5,23,4.2,0.24981799999999998,3.4124545
5.7,3.5,106,5.6,0.361782,3.7904455
6.0,2.0,100,5.7,0.747792,3.611948
6.2,8.7,12,6.4,0.023903,5.33097575
5.9,4.1,191,5.6,0.48398599999999997,4.0209965
6.5,6.7,49,6.1,0.293833,4.89845825
5.9,4.5,141,5.9,0.349034,4.1622585
5.6,3.2,481,5.3,2.93234,4.2580849999999995
5.7,2.5,476,5.8,0.9796549999999999,3.74491375
6.0,2.2,354,5.7,0.748763,3.66219075
5.8,6.6,35,4.9,0.171829,4.36795725
5.2,2.5,382,5.2,1.0542559999999999,3.488564
5.2,2.5,356,6.5,1.176922,3.8442304999999997
6.5,4.5,21,5.3,0.33303499999999997,4.15825875
4.7,3.7,45,6.9,0.33427399999999996,3.9085685000000003
5.9,1.9,185,5.8,0.732485,3.58312125
6.0,1.8,195,5.8,0.822759,3.60568975
6.2,2.7,15,6.2,0.630167,3.9325417500000004
5.5,2.2,216,5.3,1.190512,3.547628
5.7,1.2,107,5.7,0.336314,3.2340785000000003
5.1,0.5,631,5.5,1.2465950000000001,3.08664875
5.6,0.7,283,5.6,1.3635629999999999,3.3158907499999994
4.9,1.9,43,6.1,0.285321,3.29633025
6.0,1.4,171,5.6,1.111485,3.52787125
5.6,1.3,180,5.5,1.874759,3.56868975
4.8,1.9,302,5.4,1.1206209999999999,3.3051552500000003
5.1,0.5,501,5.1,0.989916,2.922479
5.6,3.0,141,5.2,0.696108,3.624027
6.2,1.9,12,6.6,0.140371,3.71009275
5.8,1.8,111,5.7,0.485296,3.446324
5.1,3.2,31,4.9,0.278997,3.3697492500000004
5.8,2.4,108,6.5,0.661618,3.8404045
5.4,2.5,83,5.4,0.615971,3.47899275
6.7,1.1,55,5.6,0.484734,3.4711834999999995
4.7,4.4,33,5.6,0.276694,3.7441734999999996
4.8,2.4,25,7.2,0.240785,3.66019625
5.4,0.8,231,5.0,0.6964060000000001,2.9741014999999997
5.8,2.2,63,5.7,0.221973,3.48049325
5.1,1.7,36,6.1,0.354271,3.31356775
4.7,5.2,43,4.8,0.6511979999999999,3.8377995
5.6,5.0,35,5.0,0.654046,4.0635115
5.4,1.6,190,5.4,0.9650639999999999,3.341266
5.2,4.5,26,5.0,0.515286,3.8038214999999997
4.9,2.0,18,4.8,0.5641,3.066025
4.4,0.2,174,5.0,0.367908,2.4919770000000003
4.8,2.4,30,4.5,0.46692100000000003,3.0417302499999996
5.4,1.5,25,5.1,0.593722,3.1484305
5.2,0.8,18,5.3,0.31424,2.90356
4.5,2.5,3935,8.0,6.326804,5.331701
4.5,0.4,20,5.4,0.415214,2.6788035000000003
8.0,9.2,8903,7.3,7.637767,8.03444175
8.0,9.2,121,4.6,0.539133,5.584783249999999
7.7,9.7,618,7.0,1.636256,6.5090639999999995
8.0,9.6,52,6.1,0.10215199999999999,5.950538
8.0,9.6,448,7.3,0.724527,6.406131749999999
7.8,8.5,1679,7.1,2.776061,6.544015249999999
8.0,9.8,301,7.8,1.3339290000000001,6.733482250000001
7.0,7.7,4485,6.5,4.12352,6.33088
6.9,8.0,5025,6.5,7.9592279999999995,7.3398069999999995
7.9,9.7,279,7.2,1.0582719999999999,6.464567999999999
7.9,9.7,63,6.7,0.42046999999999995,6.1801175
7.7,7.7,621,7.2,0.9251209999999999,5.8812802500000005
7.8,9.8,166,7.2,0.761779,6.39044475
7.0,7.3,4920,6.6,5.70486,6.651215
7.4,8.8,286,6.9,1.011829,6.02795725
7.9,9.4,187,7.5,0.9200940000000001,6.430023499999999
7.8,6.6,667,7.1,1.21726,5.679315
8.3,10.0,48,7.5,0.175217,6.49380425
7.3,8.4,582,6.9,1.482692,6.020673
7.9,8.4,112,7.4,0.625188,6.081297000000001
8.1,9.3,134,7.1,0.507078,6.2517695
7.2,8.6,336,6.5,1.003963,5.82599075
7.8,8.3,144,7.1,0.5887560000000001,5.947189
7.5,9.2,550,7.1,2.070019,6.467504749999999
7.8,9.1,288,7.7,0.9205139999999999,6.3801285000000005
7.8,9.1,11,6.4,0.330913,5.90772825
7.5,9.5,144,7.1,0.804711,6.226177750000001
7.8,9.2,70,6.9,0.326691,6.056672750000001
7.5,9.5,154,7.3,0.28884899999999997,6.14721225
7.3,9.0,202,6.7,0.561685,5.89042125
8.5,7.6,83,7.9,0.982341,6.24558525
7.5,8.0,216,6.7,1.1768100000000001,5.8442025
7.2,8.2,773,6.6,0.958518,5.7396295
6.7,8.0,751,6.5,2.7173990000000003,5.97934975
8.2,9.8,33,8.0,0.064029,6.51600725
7.3,8.1,280,7.0,0.475818,5.7189545
8.3,9.6,46,7.8,0.195167,6.47379175
7.2,7.6,460,7.0,0.9412020000000001,5.6853005
8.0,8.3,68,6.6,0.291077,5.79776925
7.3,9.2,104,7.1,0.8766360000000001,6.119159
7.6,9.7,45,7.0,0.392936,6.173233999999999
7.6,5.8,380,7.1,1.253496,5.438374
7.1,6.9,312,6.5,1.528427,5.50710675
7.3,8.3,1295,6.6,1.798132,5.999533
7.2,8.4,357,6.5,1.107358,5.801839500000001
7.1,7.9,149,6.8,0.473009,5.56825225
7.3,8.9,92,6.8,0.696675,5.92416875
7.8,2.2,521,7.1,0.992316,4.523079
7.1,9.3,72,6.2,0.421153,5.75528825
7.4,8.6,103,7.0,0.19117699999999999,5.79779425
8.1,7.8,64,7.2,0.22394699999999998,5.83098675
7.5,9.5,31,6.1,0.09068899999999999,5.797672250000001
7.7,8.9,42,6.9,0.31419899999999995,5.95354975
7.5,10.0,41,6.4,0.511529,6.1028822499999995
7.3,8.2,65,6.9,0.288071,5.672017749999999
6.9,8.0,269,7.0,0.589183,5.622295749999999
7.4,9.1,42,7.0,0.592041,6.0230102500000005
7.4,7.8,74,6.3,0.8072010000000001,5.57680025
6.8,7.7,159,6.6,0.515686,5.4039215
7.1,7.5,266,7.1,0.635352,5.583838
7.5,9.3,29,6.0,0.106218,5.7265545
7.3,6.9,13,5.9,0.24543800000000002,5.0863595
7.2,8.4,69,6.6,0.392776,5.648194
6.8,8.9,81,6.4,0.417224,5.629306000000001
7.1,8.6,307,6.7,0.380291,5.69507275
7.0,9.2,74,6.7,0.47743,5.844357499999999
7.8,10.0,12,4.4,0.327666,5.6319165
7.0,7.0,189,6.7,0.349927,5.26248175
6.5,7.6,474,6.1,0.933349,5.28333725
7.0,8.2,315,6.1,0.9935200000000001,5.573379999999999
7.3,9.6,19,6.6,0.39008899999999996,5.97252225
7.3,9.0,25,6.5,0.46988500000000005,5.8174712500000005
6.8,8.8,186,6.3,0.5293800000000001,5.6073450000000005
6.8,8.8,27,7.3,0.028541000000000004,5.732135250000001
6.8,7.7,80,6.7,0.42722,5.406804999999999
7.9,8.8,15,5.9,0.19026300000000002,5.697565750000001
7.7,10.0,11,7.4,0.080598,6.295149499999999
7.7,8.4,84,7.5,0.516461,6.02911525
8.2,8.0,37,7.1,0.531686,5.957921499999999
7.4,6.4,109,6.4,1.048838,5.312209500000001
7.7,9.6,22,7.1,0.392606,6.1981515
6.8,8.7,393,6.3,0.660405,5.61510125
7.2,8.5,48,6.6,0.25267399999999995,5.6381685
7.5,7.4,76,6.5,0.537976,5.484494
7.0,9.5,209,6.6,0.934716,6.008679000000001
7.4,8.6,98,7.5,0.230595,5.93264875
7.5,8.8,25,6.7,0.275559,5.81888975
7.1,8.1,42,6.8,0.5495939999999999,5.6373985
7.6,9.1,280,6.8,0.589983,6.02249575
7.6,9.1,13,5.5,0.396198,5.649049499999999
6.8,7.3,482,6.7,1.316881,5.52922025
7.2,5.7,129,6.5,0.816448,5.054112
7.2,8.0,47,6.6,0.360421,5.54010525
6.7,9.2,71,6.3,0.8027850000000001,5.75069625
7.3,9.6,29,7.2,0.335219,6.10880475
6.5,7.1,320,6.1,0.512957,5.05323925
6.5,7.1,21,6.0,0.10605099999999999,4.9265127500000006
7.3,10.0,24,6.6,0.248142,6.037035500000001
7.0,7.3,46,6.2,0.592379,5.27309475
7.1,8.6,33,6.9,0.11518800000000001,5.678797
7.1,7.5,75,6.7,0.534678,5.458669499999999
6.5,9.2,43,6.5,0.32090799999999997,5.630227
7.2,6.3,172,6.6,0.429492,5.132372999999999
6.7,8.5,127,6.1,0.5556909999999999,5.46392275
6.5,6.3,275,5.6,0.44144399999999995,4.710361
6.5,6.3,282,6.4,1.24642,5.111605
7.3,8.5,49,6.8,0.367854,5.741963500000001
7.3,10.0,13,5.6,0.393705,5.82342625
7.6,8.9,25,6.6,0.145707,5.811426750000001
6.9,8.0,84,6.5,0.8353360000000001,5.558834
6.4,8.7,72,5.9,0.31344,5.32836
6.1,7.9,664,6.1,1.9746720000000002,5.518668000000001
6.8,5.9,207,6.5,0.98174,5.0454349999999994
7.4,7.5,78,6.9,0.576401,5.59410025
7.2,5.2,191,7.4,0.600434,5.1001085
6.8,7.3,50,6.1,0.794667,5.24866675
6.7,8.0,113,5.2,0.177398,5.0193495
7.2,8.2,17,5.8,0.614293,5.45357325
7.3,8.6,13,4.5,0.080522,5.120130499999999
6.8,7.4,111,6.2,0.5769890000000001,5.244247250000001
6.4,6.7,695,6.1,1.049943,5.0624857500000005
6.4,6.7,15,6.6,0.21707600000000002,4.979269
6.7,7.6,41,6.6,0.29323899999999997,5.29830975
6.7,8.4,86,6.1,0.276845,5.36921125
6.7,8.3,46,6.3,0.564342,5.4660855
7.1,6.4,58,7.0,0.28269,5.1956725
7.5,6.2,33,6.7,0.400886,5.2002215
6.8,7.8,57,6.6,0.596755,5.44918875
7.4,8.7,24,6.4,0.569571,5.76739275
7.4,8.7,22,7.2,0.125881,5.856470249999999
6.6,8.0,269,6.4,0.874641,5.46866025
6.6,8.0,39,6.4,0.36394099999999996,5.34098525
7.0,7.7,114,6.6,0.690479,5.49761975
7.3,7.4,29,6.9,0.41718299999999997,5.504295750000001
6.6,6.8,74,6.2,0.606128,5.051532
6.6,10.0,52,6.2,0.10431199999999999,5.726077999999999
7.0,5.7,110,6.4,0.274362,4.8435905
6.6,7.7,77,6.1,0.150168,5.137542
7.4,9.4,31,7.5,0.162526,6.115631499999999
7.3,10.0,12,5.9,0.024345,5.80608625
7.1,5.7,197,6.9,1.82313,5.3807825000000005
6.7,4.3,384,6.2,0.920974,4.5302435
7.4,6.8,62,6.1,0.33164499999999997,5.15791125
6.7,5.4,220,6.4,1.117768,4.904442
6.9,7.6,40,6.5,0.357389,5.33934725
7.2,10.0,10,7.1,0.07823200000000001,6.094558
6.5,7.7,138,5.9,0.193681,5.073420250000001
7.3,8.4,12,7.4,0.300431,5.85010775
6.6,8.1,67,7.1,0.533428,5.5833569999999995
6.5,7.4,143,6.2,0.2596,5.0899
8.2,7.4,23,7.7,0.105045,5.85126125
7.2,10.0,10,6.4,0.000188,5.900047
6.7,7.1,257,6.4,1.22871,5.3571775
6.5,8.8,27,6.1,0.163711,5.3909277499999995
6.4,7.7,169,5.7,0.742412,5.135603000000001
7.1,10.0,19,6.9,0.042677,6.01066925
7.2,5.3,238,6.6,0.661609,4.940402249999999
7.1,8.1,20,5.9,0.271121,5.342780250000001
7.0,9.2,10,5.9,0.238873,5.584718250000001
7.0,9.2,16,6.0,0.16676400000000002,5.591691
6.8,4.7,439,7.1,0.9842559999999999,4.896064
6.8,6.7,202,6.3,0.44935699999999995,5.06233925
7.0,6.7,40,6.1,0.575,5.09375
7.1,8.8,15,5.7,0.31960500000000003,5.47990125
7.5,7.3,18,6.4,0.214344,5.353586
7.2,9.0,17,6.6,0.237352,5.7593380000000005
7.8,5.7,14,7.5,0.044913,5.26122825
7.1,8.5,27,6.6,0.232479,5.60811975
6.4,4.4,261,5.9,0.7878350000000001,4.371958750000001
7.9,9.9,12,7.1,0.011723,6.22793075
7.1,8.5,28,7.6,0.280412,5.870103
7.4,7.8,16,6.2,0.353759,5.43843975
6.7,8.7,21,6.7,0.29368,5.598419999999999
7.5,7.2,10,6.8,0.33467800000000003,5.4586695
7.1,7.1,16,6.6,0.130215,5.232553749999999
7.3,6.7,15,6.7,0.015668,5.178917
6.5,6.4,151,6.0,0.6015,4.875375
7.3,8.8,14,5.6,0.410654,5.5276635
7.0,8.3,17,6.0,0.128234,5.3570585
7.1,6.2,81,6.8,0.41825500000000004,5.12956375
6.5,8.2,31,6.1,0.14649700000000002,5.236624249999999
6.8,8.1,14,6.3,0.23389200000000002,5.358473
7.1,8.1,20,5.9,0.084715,5.29617875
7.2,8.1,17,6.5,0.513571,5.57839275
7.0,6.5,49,7.3,0.129104,5.232276000000001
7.4,9.2,14,6.1,0.133769,5.70844225
8.0,7.8,14,7.5,0.150002,5.8625005
6.3,5.4,161,5.9,1.222105,4.70552625
8.1,7.7,12,8.1,0.006642,5.9766604999999995
7.1,7.6,157,6.7,0.312975,5.42824375
6.5,8.1,31,6.2,0.12550899999999998,5.23137725
7.0,7.7,12,6.3,0.155584,5.288896
7.3,3.8,64,7.2,0.46111599999999997,4.690279
6.1,6.2,125,5.7,0.438396,4.609599
6.8,7.9,20,7.1,0.338084,5.534521
7.3,7.3,45,6.7,0.14196199999999998,5.3604905
7.9,6.3,1027,6.4,2.6233459999999997,5.8058365
7.0,9.4,24,6.5,0.224505,5.78112625
6.9,5.6,37,6.6,0.31095100000000003,4.85273775
7.2,8.7,20,6.7,0.014647,5.6536617499999995
6.7,8.8,34,6.1,0.309218,5.477304500000001
7.7,6.3,39,7.6,0.137772,5.434443
6.2,9.5,12,5.0,0.064322,5.1910805
6.9,7.9,14,7.2,0.102769,5.52569225
6.9,5.4,52,6.3,0.400459,4.750114750000001
6.9,5.4,31,7.5,0.357401,5.03935025
6.1,7.2,130,5.7,0.326352,4.831588
7.6,5.8,18,6.4,0.080161,4.970040249999999
6.5,3.3,11,5.9,0.30428499999999997,4.00107125
6.5,3.3,566,6.1,1.2858459999999998,4.2964614999999995
7.2,5.7,30,6.8,0.58623,5.0715575
6.5,8.9,18,6.1,0.433281,5.48332025
6.8,9.8,17,5.7,0.135074,5.6087685
6.8,9.8,33,4.8,0.13276400000000002,5.383191000000001
7.3,4.8,147,7.3,0.5718439999999999,4.992960999999999
7.5,6.8,36,6.4,0.29889899999999997,5.2497247499999995
6.2,7.2,37,5.6,0.47409300000000004,4.86852325
6.8,8.4,12,7.0,0.143573,5.58589325
6.7,5.7,133,6.5,0.44710600000000006,4.8367765
6.6,7.4,31,6.4,0.323363,5.18084075
6.8,8.8,33,6.6,0.210157,5.6025392499999995
6.9,7.3,38,6.3,0.255216,5.188804
7.0,7.4,14,6.3,0.40176799999999996,5.275442
7.1,9.2,23,5.2,0.12478399999999999,5.406196
6.2,2.8,499,5.9,1.0681260000000001,3.9920314999999995
6.1,6.4,204,6.0,0.472008,4.743002
6.8,3.7,54,6.5,0.441684,4.360421
7.1,7.6,48,6.4,0.18578699999999998,5.321446750000001
6.6,6.4,22,5.2,0.318024,4.629506000000001
6.6,6.4,48,6.2,0.521927,4.930481750000001
7.1,3.8,80,7.1,0.25035100000000005,4.56258775
5.8,8.5,54,5.9,0.653566,5.2133915
7.6,8.7,16,7.1,0.08672300000000001,5.8716807499999994
7.3,3.2,43,6.8,0.374486,4.4186215
6.5,8.2,16,7.3,0.26422399999999996,5.566056
7.0,6.2,13,6.3,0.507235,5.00180875
6.6,10.0,12,5.5,0.264925,5.591231250000001
7.1,6.7,23,5.4,0.265623,4.866405750000001
7.3,5.6,12,7.0,0.383831,5.07095775
6.8,6.4,85,6.4,0.284856,4.971214000000001
7.2,8.9,19,7.3,0.080336,5.870083999999999
6.2,7.5,27,5.6,0.179562,4.8698905
6.4,8.7,15,6.1,0.315196,5.378799
7.1,7.7,26,5.9,0.246129,5.236532250000001
7.0,8.8,12,5.1,0.063503,5.24087575
6.9,9.1,12,5.5,0.13660899999999998,5.40915225
7.3,7.3,11,4.9,0.128027,4.90700675
7.0,8.1,12,5.9,0.236771,5.30919275
6.6,8.6,26,5.4,0.069212,5.167303
6.6,8.6,32,6.5,0.402947,5.52573675
7.6,9.6,44,7.2,0.290174,6.1725435
6.3,7.3,29,6.1,0.121361,4.95534025
6.4,4.3,31,6.2,0.411826,4.3279565
6.4,5.9,56,5.9,0.518986,4.6797465
6.6,8.6,10,6.0,0.013174000000000002,5.3032935
6.6,8.6,17,6.1,0.047645,5.336911249999999
6.6,8.2,14,6.4,0.278748,5.369687
6.5,4.3,54,5.5,0.705828,4.251457
6.7,4.5,42,6.0,0.621992,4.4554979999999995
6.6,6.9,26,5.7,0.298661,4.8746652500000005
6.7,8.6,16,5.7,0.11445799999999999,5.2786145
6.2,10.0,10,7.1,0.270842,5.8927105
7.2,10.0,844,6.1,2.1183099999999997,6.3545775
7.2,10.0,641,6.9,2.2724860000000002,6.5931215
6.2,6.9,240,6.4,0.9844450000000001,5.12111125
6.3,8.0,28,5.4,0.349511,5.01237775
6.9,8.3,13,6.5,0.127474,5.456868500000001
6.4,2.9,192,6.0,1.08379,4.0959475
5.9,8.0,82,6.1,0.00062,5.000155
6.3,3.3,269,6.2,0.788144,4.147036
6.2,6.8,53,5.8,0.283507,4.77087675
7.2,8.6,20,6.5,0.235271,5.63381775
7.0,7.3,10,6.0,0.128661,5.10716525
6.4,3.8,466,6.3,1.5368899999999999,4.5092225
6.5,4.1,81,6.4,0.534397,4.38359925
6.5,6.3,117,6.0,0.290674,4.7726685
6.6,7.2,16,6.5,0.110266,5.102566499999999
6.6,8.5,12,6.1,0.26906599999999997,5.3672664999999995
6.6,7.3,37,6.5,0.09149199999999999,5.122872999999999
7.2,10.0,11,6.6,0.005853,5.95146325
6.2,4.2,120,5.7,0.628746,4.1821865
6.8,5.2,69,6.6,0.854834,4.8637085
6.3,6.7,38,6.3,0.248133,4.88703325
7.3,6.4,14,6.3,0.042066,5.0105165
6.5,5.5,28,5.7,0.208511,4.47712775
6.2,2.2,103,5.8,0.725013,3.73125325
6.2,6.4,112,6.5,0.39362600000000003,4.873406500000001
6.1,6.0,26,5.1,0.219032,4.3547579999999995
6.6,6.3,11,6.5,0.264432,4.9161079999999995
7.1,6.0,13,5.7,0.088781,4.7221952499999995
6.4,7.3,24,6.7,0.19528299999999998,5.14882075
5.9,7.6,54,5.8,0.455662,4.938915499999999
6.8,1.4,104,7.7,0.23224099999999998,4.033060249999999
7.0,8.4,11,6.5,0.0035039999999999997,5.4758759999999995
6.8,7.9,18,6.3,0.063581,5.26589525
7.0,5.9,63,6.7,0.34162,4.985405
6.9,8.6,26,6.6,0.17716600000000002,5.5692915
5.6,9.7,27,4.8,0.277844,5.094461000000001
7.3,8.5,21,6.5,0.40923000000000004,5.6773075
6.6,7.2,43,6.3,1.251681,5.337920250000001
7.4,3.0,53,7.2,0.11302999999999999,4.4282575
6.3,3.1,223,6.0,0.84809,4.062022499999999
6.6,7.9,15,6.2,0.134371,5.208592750000001
5.9,7.4,88,5.7,0.430708,4.857677
6.4,2.9,172,6.2,0.536017,4.00900425
6.0,6.1,28,5.5,0.149591,4.437397750000001
6.5,6.0,21,6.0,0.378621,4.71965525
6.3,5.3,68,5.1,0.772595,4.36814875
6.0,3.0,22,6.1,0.443525,3.8858812499999997
6.4,6.9,31,6.1,0.336426,4.9341064999999995
7.0,6.4,15,6.9,0.20683200000000002,5.126708
6.5,6.4,33,6.4,0.31449699999999997,4.90362425
6.5,6.1,78,6.1,0.698299,4.8495747499999995
6.3,5.8,19,6.3,0.198304,4.649576
6.6,3.8,40,6.2,0.255367,4.21384175
6.3,7.3,89,6.3,0.530366,5.1075915
7.0,2.5,234,6.3,0.5807760000000001,4.095194
6.3,2.9,25,5.6,0.438475,3.8096187500000003
5.9,3.8,451,5.4,0.8999440000000001,3.999986
5.9,6.9,31,5.7,0.175287,4.66882175
5.7,8.2,33,5.9,0.470124,5.067531
6.5,5.5,180,6.2,1.6557169999999999,4.96392925
6.8,10.0,16,6.5,0.20646799999999998,5.876617
5.9,2.1,289,5.9,1.496807,3.84920175
5.8,5.7,144,6.0,0.536552,4.509138
6.9,6.6,10,7.0,0.300784,5.200196
5.5,7.9,74,5.3,0.393642,4.7734105
6.7,5.6,37,6.4,0.22845900000000002,4.73211475
6.6,5.9,33,6.7,0.8757,5.018925
6.8,4.2,51,6.4,0.269283,4.417320750000001
6.8,4.8,31,6.4,0.168979,4.54224475
6.8,4.6,55,6.5,0.499069,4.599767249999999
6.1,2.8,134,6.2,0.6157600000000001,3.92894
5.8,7.9,59,5.3,0.321694,4.8304235
6.3,9.1,17,4.9,0.402405,5.175601250000001
6.9,5.7,12,5.7,0.271381,4.642845250000001
5.9,4.0,283,5.8,0.862841,4.140710250000001
6.3,5.3,24,5.6,0.170017,4.34250425
6.5,3.1,66,6.0,0.36373,3.9909325
5.8,4.3,225,5.2,2.216699,4.379174750000001
6.2,7.5,10,6.5,0.017625,5.0544062499999995
6.2,1.9,20,7.2,0.279762,3.8949405
6.0,2.6,152,5.4,0.642842,3.6607105
6.6,8.3,10,5.7,0.011798000000000001,5.1529495
6.5,7.9,17,6.5,0.030005,5.232501249999999
7.1,5.0,13,6.4,0.21620100000000003,4.67905025
6.8,8.0,207,6.5,0.340308,5.410077
6.8,6.9,13,6.1,0.28016599999999997,5.0200415000000005
6.4,2.8,695,6.1,1.6905720000000002,4.247643
6.5,5.5,29,5.7,0.561032,4.565258
6.9,3.3,678,6.3,3.1866790000000003,4.92166975
6.9,3.3,26,6.5,0.29180700000000004,4.24795175
6.7,9.2,29,6.4,0.258089,5.639522250000001
6.2,3.4,185,6.2,0.860381,4.16509525
7.2,6.7,10,6.1,0.095445,5.02386125
6.2,8.0,25,6.6,0.30247399999999997,5.2756185
5.8,8.8,35,5.5,0.38809899999999997,5.1220247500000005
6.3,5.4,19,5.3,0.139931,4.28498275
6.0,4.5,59,5.9,0.47729499999999997,4.21932375
6.3,5.0,86,5.8,0.273681,4.34342025
6.4,8.0,18,5.1,0.072612,4.893153
6.4,5.0,18,5.6,0.083339,4.27083475
6.0,7.5,35,4.8,0.38421,4.6710525
6.0,7.9,17,5.5,0.32324200000000003,4.9308105
6.9,3.0,46,6.7,0.606808,4.301702000000001
6.4,5.7,27,6.2,0.35843800000000003,4.6646095
6.6,4.8,18,6.1,0.139783,4.40994575
5.7,6.7,45,6.0,0.512422,4.7281055
6.2,5.4,86,5.8,0.676471,4.5191177499999995
6.1,6.7,21,5.3,0.238862,4.584715500000001
6.5,4.3,12,5.7,0.225194,4.1812985
6.1,6.3,37,5.8,0.118177,4.57954425
6.6,4.1,13,5.7,0.146033,4.136508249999999
6.9,6.4,15,6.9,0.144297,5.086074250000001
6.4,5.2,104,5.9,0.329164,4.457291
6.4,7.6,16,4.7,0.179072,4.719768000000001
6.2,3.7,116,5.6,1.037708,4.134427
6.6,5.5,11,5.9,0.175454,4.5438635
6.9,4.3,19,6.2,0.040535,4.360133749999999
6.6,2.7,28,5.1,0.41181599999999996,3.7029539999999996
6.1,7.7,17,5.7,0.14844200000000002,4.9121105
6.7,4.6,26,6.3,0.421521,4.505380249999999
6.0,6.9,14,4.7,0.11127000000000001,4.427817500000001
6.2,4.0,19,4.2,0.27114699999999997,3.6677867499999994
6.2,4.0,30,5.4,0.254085,3.9635212500000003
6.8,5.0,26,5.8,0.361861,4.490465250000001
6.2,3.7,20,5.7,0.17186700000000002,3.9429667500000005
6.8,5.8,20,6.3,0.330962,4.8077404999999995
6.1,7.2,30,5.8,0.30028299999999997,4.85007075
6.4,5.3,33,6.2,0.39566999999999997,4.573917499999999
6.7,6.7,375,5.0,1.203837,4.90095925
6.7,6.7,15,6.7,0.2941,5.098525
6.3,4.4,24,5.8,0.19025,4.1725625
6.5,3.2,81,6.1,0.782091,4.1455227500000005
6.3,2.6,85,5.8,0.93789,3.9094724999999997
5.8,7.4,15,5.4,0.44906599999999997,4.7622665
6.4,4.1,16,5.6,0.286541,4.09663525
6.2,7.1,10,5.3,0.063184,4.665795999999999
5.5,8.0,15,6.3,0.10326800000000001,4.975817
6.6,3.2,47,5.6,0.603274,4.0008185
5.6,3.5,113,5.1,0.627123,3.7067807499999996
6.1,3.2,42,5.8,0.614942,3.9287354999999997
6.1,6.5,75,5.9,0.560423,4.76510575
6.1,6.5,24,7.0,0.10222300000000001,4.92555575
6.1,6.5,87,6.6,0.383326,4.8958315
6.3,7.5,19,5.7,0.189393,4.92234825
5.8,4.3,50,5.4,0.380414,3.9701035
6.7,4.3,15,5.0,0.9480639999999999,4.237016
6.2,4.5,28,6.3,0.692109,4.42302725
6.1,2.9,15,5.8,0.229252,3.757313
6.4,6.5,37,6.1,0.68078,4.920195
6.0,1.8,199,5.8,1.360827,3.74020675
5.6,5.6,20,5.1,0.20836500000000002,4.127091249999999
6.1,7.0,28,5.1,0.264523,4.61613075
6.2,3.0,206,6.1,0.79128,4.02282
6.5,8.1,23,7.1,0.280992,5.495248
6.2,6.0,2013,5.8,3.1076650000000003,5.27691625
6.2,6.0,16,6.6,0.55599,4.8389975000000005
6.2,2.5,42,6.2,0.21254,3.778135
6.4,5.7,16,5.3,0.22004899999999997,4.4050122499999995
6.6,3.9,26,5.8,0.729174,4.257293499999999
5.7,5.6,11,6.3,0.113677,4.428419249999999
6.3,2.7,24,6.7,0.10772899999999999,3.95193225
6.5,6.1,29,6.0,0.245457,4.71136425
6.8,3.8,23,6.7,0.308286,4.4020715
5.5,6.7,13,7.0,0.136046,4.8340115
6.1,5.8,60,6.0,0.49396899999999994,4.59849225
6.2,8.6,11,5.0,0.097979,4.97449475
5.8,7.4,19,6.1,0.22537,4.881342500000001
6.1,6.2,13,6.6,0.073521,4.7433802499999995
5.7,4.0,17,6.0,0.058092,3.939523
6.2,2.1,34,5.6,0.44309399999999993,3.5857734999999997
4.8,6.9,124,4.8,0.494022,4.2485055
6.5,3.6,11,6.0,0.048917,4.03722925
6.1,4.5,23,6.2,0.32409899999999997,4.281024749999999
5.3,7.8,36,4.7,0.610073,4.60251825
5.3,8.0,22,5.3,0.059697,4.66492425
6.4,6.0,14,6.4,0.007336,4.701834
6.2,3.3,14,5.4,0.258822,3.7897054999999997
5.3,2.0,814,7.3,1.110148,3.9275370000000005
6.5,4.5,12,6.5,0.44371800000000006,4.4859295
5.4,1.0,530,5.7,0.997641,3.2744102500000003
7.1,4.4,12,5.8,0.088796,4.347198999999999
6.3,3.6,31,6.3,0.28091,4.1202274999999995
6.3,5.0,26,6.2,0.634526,4.5336315
6.8,4.0,16,5.6,0.300101,4.17502525
6.4,2.2,56,5.5,0.7232569999999999,3.7058142500000004
5.8,1.8,111,5.3,2.055572,3.7388929999999996
6.4,3.2,20,5.7,0.20686300000000002,3.8767157500000002
5.7,5.7,43,5.1,0.264342,4.1910855
4.9,4.2,11,4.1,0.13356500000000002,3.3333912500000005
4.9,4.2,69,4.9,0.347219,3.5868047500000007
6.1,4.0,19,5.5,0.408327,4.00208175
5.9,2.5,39,5.5,0.285989,3.5464972500000003
5.6,6.4,19,5.5,0.115222,4.4038055
5.8,4.1,17,6.0,0.150417,4.01260425
5.6,5.2,69,5.5,0.6269100000000001,4.231727499999999
5.2,7.3,13,6.1,0.170743,4.69268575
5.8,3.4,57,5.7,0.636839,3.8842097499999997
5.9,2.1,217,6.4,0.861117,3.81527925
5.9,2.1,133,5.9,0.38117399999999996,3.5702935
5.8,2.2,78,5.9,0.469922,3.5924805000000006
5.6,2.4,326,5.9,2.0266509999999998,3.98166275
6.0,3.8,12,5.9,0.021261000000000002,3.93031525
6.4,4.8,14,6.3,0.135015,4.40875375
6.5,2.1,14,5.7,0.32716,3.65679
3.3,7.8,312,3.9,0.42293400000000003,3.8557335
6.7,3.2,13,5.2,0.276911,3.8442277500000004
5.9,5.0,63,5.4,0.510296,4.202574
6.1,2.0,21,5.3,0.44464,3.4611599999999996
6.4,4.5,41,6.5,0.398291,4.44957275
5.8,1.6,20,5.7,0.245917,3.3364792500000005
5.6,6.0,10,5.2,0.210806,4.2527015
5.8,2.0,135,5.3,0.606113,3.42652825
5.9,6.0,11,4.4,0.19749,4.1243725
6.2,4.7,16,5.8,0.204002,4.2260005
5.5,4.5,12,6.0,0.074325,4.01858125
5.8,3.6,50,5.7,0.542568,3.910642
6.1,2.5,21,6.1,0.24669000000000002,3.7366724999999996
6.4,3.8,10,5.3,0.22195700000000002,3.93048925
5.9,4.4,10,6.1,0.14645,4.1366125
6.4,4.7,12,5.7,0.158021,4.239505250000001
5.8,2.1,170,5.3,0.882568,3.5206419999999996
5.6,5.0,29,5.8,0.18156,4.14539
6.2,1.8,143,5.8,0.489233,3.5723082500000003
6.3,3.7,34,5.6,0.220131,3.9550327500000004
6.8,5.7,15,6.9,0.096111,4.874027750000001
6.5,3.6,12,3.5,0.093841,3.4234602499999998
6.5,3.6,11,5.7,0.200809,4.00020225
5.6,3.3,38,5.3,0.48413900000000004,3.67103475
5.6,2.5,82,5.7,0.719299,3.6298247499999996
6.7,2.2,32,6.2,0.249202,3.8373005000000004
5.8,4.7,30,6.0,0.423386,4.2308465
5.3,5.6,41,5.7,0.19275699999999998,4.19818925
6.3,0.4,134,6.2,0.780354,3.4200885000000003
5.7,4.3,52,5.3,0.7299,4.007475
6.0,5.7,10,5.5,0.16432,4.34108
5.1,3.7,147,5.1,0.667732,3.641933
6.0,4.1,49,5.8,0.602854,4.1257135
5.9,7.0,12,4.9,0.37355700000000003,4.543389250000001
6.1,4.2,99,5.8,0.498787,4.14969675
6.1,4.2,15,6.3,0.002381,4.15059525
6.0,1.4,16,5.2,0.538475,3.28461875
6.1,4.1,31,5.3,0.565529,4.0163822499999995
5.2,6.0,10,5.0,0.078907,4.06972675
5.5,4.0,42,5.1,0.29666,3.7241649999999997
5.1,2.9,10,5.6,0.187368,3.4468419999999997
6.0,5.8,20,5.8,0.127505,4.43187625
5.8,4.1,71,5.6,1.624323,4.28108075
6.1,5.0,13,4.8,0.156677,4.01416925
6.0,2.5,148,5.6,0.564287,3.66607175
5.3,4.0,13,5.5,0.012539,3.7031347500000003
5.6,2.4,46,5.3,0.403468,3.4258669999999998
5.9,3.6,19,5.4,0.416288,3.829072
5.5,2.0,51,4.7,0.49354799999999993,3.173387
5.3,3.4,86,4.9,0.728259,3.5820647500000002
5.9,3.8,17,6.4,0.09814500000000001,4.04953625
5.8,5.1,52,5.7,0.926802,4.3817005
5.8,1.7,14,6.0,0.406609,3.47665225
5.8,1.7,43,6.0,0.670104,3.542526
6.2,4.0,43,6.0,0.301054,4.1252635
5.7,4.4,51,5.8,0.45785699999999996,4.08946425
5.7,1.5,310,5.2,1.065888,3.366472
6.3,2.5,35,6.4,0.84445,4.011112499999999
5.7,4.2,11,6.2,0.064707,4.04117675
6.1,2.2,50,6.1,0.6281439999999999,3.7570360000000003
6.0,2.5,27,5.9,0.546313,3.73657825
4.5,1.6,253,3.8,2.601775,3.12544375
4.5,1.6,25,4.4,0.11140499999999999,2.65285125
6.6,0.7,28,6.2,0.40224899999999997,3.47556225
6.1,5.7,13,5.3,0.141028,4.310257
5.6,2.9,22,4.5,0.197425,3.29935625
5.5,6.2,13,5.8,0.474788,4.493697
6.2,4.9,20,5.6,0.168935,4.21723375
5.9,3.5,14,5.1,0.47571,3.7439275
4.6,2.7,38,4.3,0.409587,3.00239675
6.1,4.4,19,6.1,0.42982600000000004,4.2574565
5.5,2.0,87,5.4,0.385121,3.32128025
4.0,6.1,105,4.7,0.45264399999999994,3.813161
5.8,1.3,56,6.4,0.30353800000000003,3.4508845
5.8,1.3,25,6.9,0.21302600000000002,3.5532565
5.9,4.7,14,5.6,0.999341,4.299835250000001
5.3,3.3,18,6.0,0.8317030000000001,3.8579257500000006
4.5,0.4,39,4.6,0.346432,2.461608
5.0,0.6,169,5.7,0.524246,2.9560615
5.3,1.4,17,4.8,0.14165,2.9104125
5.1,2.0,133,5.1,0.494142,3.1735355
6.1,3.1,18,5.0,0.370238,3.6425595
5.4,1.0,241,4.9,0.577814,2.9694535
5.2,2.2,28,4.8,0.5187649999999999,3.17969125
4.6,6.1,63,4.9,0.48635100000000003,4.02158775
5.9,4.7,24,5.3,0.22016999999999998,4.0300425
5.8,2.6,99,5.2,0.365381,3.49134525
5.8,2.6,26,6.2,0.191104,3.697776
6.1,1.1,17,5.1,0.265596,3.141399
5.9,1.7,33,6.2,0.10808,3.47702
4.7,3.1,117,4.8,0.24758899999999998,3.2118972500000003
5.9,4.2,24,6.3,0.279592,4.169898
5.6,3.8,29,5.0,0.5048279999999999,3.726207
6.2,5.3,19,5.9,0.101746,4.375436499999999
5.3,5.4,12,5.2,0.289526,4.0473815
5.1,1.5,35,5.1,0.17388900000000002,2.96847225
4.5,6.2,17,3.8,0.09779,3.6494475
5.4,2.0,49,5.2,0.74452,3.3361300000000003
5.2,1.1,14,5.4,0.279624,2.994906
5.2,1.1,10,7.2,0.071619,3.39290475
6.2,3.2,17,6.4,0.092364,3.973091
5.2,4.1,48,5.0,0.36590100000000003,3.6664752500000004
5.6,0.5,96,5.7,0.540954,3.0852385
5.6,2.9,12,6.4,0.09399600000000001,3.7484990000000002
5.5,1.1,47,5.6,0.467559,3.1668897499999997
5.8,1.8,12,6.8,0.295323,3.6738307499999996
6.8,6.0,25,6.9,0.31606100000000004,5.00401525
5.8,3.3,58,5.7,0.407983,3.80199575
6.2,5.0,16,5.3,0.034628,4.133657
5.3,0.2,32,4.6,0.44086000000000003,2.635215
5.7,2.0,15,5.8,0.28742399999999996,3.446856
5.2,3.2,66,5.3,0.716104,3.6040259999999997
5.6,2.3,27,5.7,0.546519,3.53662975
6.0,3.3,12,5.1,0.32702600000000004,3.6817564999999997
5.0,2.9,18,5.7,0.23307199999999997,3.458268
5.1,1.7,135,4.7,0.6385569999999999,3.03463925
5.6,4.0,38,5.6,0.444626,3.9111564999999997
5.4,3.8,15,5.9,0.384925,3.87123125
5.8,4.3,18,5.7,0.318589,4.02964725
4.7,5.0,22,5.0,0.40117600000000003,3.7752939999999997
5.5,3.8,10,5.6,0.369463,3.8173657499999996
5.5,2.9,24,5.1,0.167625,3.41690625
5.0,1.8,12,4.4,0.09958,2.8248949999999997
4.7,5.0,58,7.1,0.331486,4.282871500000001
5.7,3.6,11,5.8,0.044425,3.7861062500000005
5.8,1.0,15,5.1,0.6823670000000001,3.1455917499999995
4.8,1.1,75,4.8,0.6353770000000001,2.83384425
5.6,4.1,13,5.2,0.067885,3.74197125
5.1,4.0,11,3.8,0.07949099999999999,3.24487275
5.7,2.9,11,4.5,0.534693,3.4086732500000005
5.4,3.0,16,5.9,0.202449,3.62561225
3.8,4.0,10,3.9,0.270786,2.9926964999999996
5.3,4.0,13,5.0,0.149561,3.6123902500000002
5.6,2.1,17,5.7,0.156031,3.38900775
4.7,4.4,17,4.8,0.277427,3.5443567499999995
4.1,3.6,68,4.5,0.30134299999999997,3.1253357499999996
5.5,4.2,17,5.0,0.36947800000000003,3.7673695
4.1,7.1,10,3.5,0.158021,3.7145052499999998
5.6,1.1,11,4.8,0.18332,2.92083
5.7,2.0,33,5.5,0.451287,3.41282175
5.7,1.8,45,5.8,0.45571999999999996,3.43893
4.5,4.3,32,4.2,0.32706599999999997,3.3317665
5.1,1.9,13,4.8,0.08611100000000001,2.97152775
5.1,0.3,34,4.6,0.513728,2.628432
5.3,0.8,69,4.9,0.878843,2.96971075
4.6,4.3,11,4.9,0.19853099999999999,3.4996327499999995
4.5,4.4,29,4.1,0.09156399999999999,3.272891
5.6,2.0,21,5.0,0.230594,3.2076485
4.0,2.9,10,3.1,0.3309,2.582725
5.9,3.8,12,5.6,0.163734,3.8659334999999997
5.4,0.5,136,4.9,0.546458,2.8366145
6.1,5.0,11,4.6,0.093198,3.9482994999999996
4.3,7.1,48,4.9,0.12981900000000002,4.1074547500000005
5.4,1.8,10,4.5,0.281544,2.995386
5.4,1.8,14,6.5,0.28310100000000005,3.4957752500000003
4.7,0.8,100,4.4,0.939084,2.709771
4.5,0.9,42,5.3,0.367836,2.766959
5.1,3.3,12,4.6,0.586167,3.39654175
5.5,3.8,22,4.8,0.440529,3.63513225
6.0,1.4,14,5.9,0.475095,3.44377375
5.4,1.6,20,5.3,0.5291520000000001,3.207288
5.0,2.2,28,4.6,0.14611,2.9865275000000002
6.2,2.3,10,5.5,0.292143,3.57303575
5.0,1.3,10,5.0,0.314037,2.9035092500000004
4.1,3.3,15,3.8,0.150336,2.8375839999999997
5.4,2.0,11,5.0,0.29364,3.17341
4.8,3.3,11,5.7,0.13913699999999998,3.48478425
5.5,8.5,806,7.2,1.929641,5.78241025
4.5,0.4,55,4.4,0.340571,2.4101427500000003
4.6,2.9,40,4.5,0.608099,3.15202475
5.0,2.2,16,4.7,0.050881,2.98772025
5.1,2.6,55,4.5,0.781809,3.2454522499999996
3.8,1.3,33,4.2,0.387981,2.42199525
4.6,0.2,13,4.1,0.20833800000000002,2.2770844999999995
7.4,6.7,19,7.5,0.383679,5.4959197500000005
5.6,1.4,11,5.5,0.194655,3.17366375
5.1,1.4,46,4.8,0.385851,2.92146275
6.0,7.8,21,5.9,0.308684,5.002171
4.2,1.8,19,3.6,0.447229,2.5118072500000004
4.9,0.8,39,4.8,0.385202,2.7213005
4.8,1.7,16,4.1,0.50732,2.77683
4.6,4.0,17,4.9,0.197497,3.42437425
3.7,2.0,10,2.8,0.359238,2.2148095
3.7,3.3,31,4.8,0.162886,2.9907215000000003
3.7,3.3,14,5.0,0.017396000000000002,3.004349
4.1,0.9,64,3.6,0.813893,2.35347325
4.5,1.4,19,4.3,0.258887,2.6147217499999997
3.7,1.4,11,5.5,0.159907,2.6899767500000005
4.6,0.8,12,4.6,0.092419,2.52310475
2.9,0.4,62,3.8,0.5923689999999999,1.9230922499999998
4.4,1.4,19,3.9,0.13952699999999998,2.4598817499999996
3.4,0.7,23,3.5,0.147904,1.9369759999999998
4.3,2.7,29,4.1,0.137954,2.8094885
5.0,1.3,18,4.0,0.513386,2.7033465000000003
4.6,0.3,16,5.0,0.709051,2.65226275
4.8,2.0,12,6.3,0.299427,3.3498567500000003
3.4,0.9,24,4.3,0.18015,2.1950374999999998
2.4,0.8,26,2.8,0.157333,1.53933325
8.5,9.3,3489,7.7,4.782687999999999,7.570672
8.3,10.0,3141,7.5,4.282462000000001,7.5206155
8.2,9.8,4225,7.6,4.908901999999999,7.6272255
8.0,9.1,5612,7.9,14.311205,9.82780125
8.1,9.9,3692,7.4,3.440519,7.21012975
8.4,9.7,67,4.4,0.141098,5.6602745
8.3,9.8,2924,7.5,2.711136,7.077784
8.0,9.6,3899,7.3,3.204295,7.02607375
7.9,9.3,5292,7.5,11.173103999999999,8.968276
8.1,9.7,1000,7.5,1.186793,6.62169825
8.0,9.6,2434,7.3,2.764535,6.916133749999999
7.7,9.0,3848,7.6,12.971027000000001,9.317756750000001
8.0,9.5,2121,7.3,3.966538,7.1916345
7.9,10.0,2272,7.2,1.810197,6.72754925
8.0,9.7,3064,7.2,3.339406,7.0598515
8.0,7.9,4223,7.3,6.8640669999999995,7.5160167499999995
7.8,8.9,4185,7.8,8.691294000000001,8.2978235
7.5,8.9,45,6.6,0.543326,5.8858315
7.4,9.0,322,5.8,0.538392,5.684598000000001
7.4,9.0,3369,7.5,6.112766000000001,7.5031915
8.0,9.5,1172,7.4,2.455618,6.8389045
7.7,8.9,2019,7.3,2.865684,6.691421
7.7,8.7,3492,7.0,2.858742,6.5646854999999995
7.3,8.3,3779,7.0,5.5731839999999995,7.043296
7.3,7.5,4304,7.4,5.944927,7.03623175
7.8,10.0,613,7.2,1.9878189999999998,6.74695475
7.7,9.7,723,6.9,1.1155979999999999,6.3538995
7.6,8.6,1066,7.3,2.770692,6.567673
7.2,7.9,6882,6.9,4.946136,6.736534
8.0,8.3,620,7.2,1.313676,6.203419
7.5,7.7,2270,6.9,4.467512999999999,6.64187825
7.1,7.5,2336,6.4,3.941265,6.23531625
7.3,8.0,2251,7.0,2.643496,6.235874
7.2,9.2,1159,6.6,2.005566,6.2513915
7.6,8.7,51,6.0,0.49543400000000004,5.698858499999999
7.6,8.7,928,7.0,2.550704,6.462675999999999
7.8,7.3,535,7.3,0.972719,5.84317975
7.1,7.8,3206,6.6,3.6267410000000004,6.28168525
7.3,8.8,1258,6.9,1.3804319999999999,6.095108
7.3,8.5,832,6.9,1.7684630000000001,6.11711575
8.0,9.5,111,7.3,0.33539800000000003,6.2838495000000005
7.2,9.8,913,6.6,2.631987,6.557996749999999
7.4,10.0,13,5.2,0.348973,5.737243250000001
6.9,6.6,3025,6.8,5.1119,6.352974999999999
7.2,8.6,681,6.9,2.095296,6.198824
7.3,5.3,3181,6.8,4.205992,5.901498
7.4,8.1,2853,6.3,5.57295,6.843237499999999
7.4,8.1,39,6.3,0.253305,5.5133262499999995
7.4,8.1,13,6.2,0.350256,5.512564000000001
7.3,8.0,391,6.7,1.650018,5.9125045
7.3,8.0,28,6.6,0.001662,5.4754154999999995
6.9,7.6,1402,6.5,3.6287260000000003,6.1571815
6.9,7.6,18,6.8,0.132436,5.358108999999999
7.9,9.6,110,6.4,0.951117,6.21277925
7.1,4.4,2626,6.8,4.965391,5.816347749999999
7.6,10.0,75,7.1,0.912502,6.403125500000001
6.5,6.5,2549,6.4,3.128314,5.6320784999999995
8.0,10.0,89,7.4,0.5922189999999999,6.49805475
6.5,5.3,2823,6.3,3.5260290000000003,5.406507250000001
7.0,7.6,289,6.8,0.980554,5.5951385
6.5,8.6,417,6.7,0.9996510000000001,5.69991275
6.5,8.6,36,6.4,0.390468,5.472617
7.7,7.5,96,7.1,0.6871970000000001,5.7467992500000005
7.2,6.9,545,7.0,1.9364919999999999,5.759123000000001
7.3,7.0,498,6.9,1.278646,5.619661499999999
7.0,7.8,205,6.4,0.853359,5.51333975
6.7,8.8,113,6.4,1.104997,5.751249250000001
6.7,7.6,1087,6.6,3.3391349999999997,6.059783749999999
6.9,8.7,589,6.5,1.046157,5.786539250000001
6.9,8.7,53,6.6,0.34233600000000003,5.635584
6.8,7.4,432,6.6,1.3366120000000001,5.534153
7.2,9.1,174,6.8,1.425344,6.131335999999999
6.8,5.1,2026,6.3,2.911727,5.27793175
7.2,6.7,486,6.7,2.1804099999999997,5.6951025
7.1,6.6,625,7.0,1.9369619999999999,5.6592405
6.9,8.7,111,6.6,0.624363,5.7060907499999995
6.5,6.6,891,6.1,1.6283450000000002,5.20708625
7.2,7.9,174,6.7,1.136303,5.734075750000001
6.9,8.3,119,6.7,0.759795,5.66494875
6.7,9.1,222,6.1,0.478051,5.59451275
7.3,5.0,250,6.7,0.869474,4.9673685
6.8,6.7,488,6.7,1.672137,5.46803425
7.2,8.1,168,6.9,0.617279,5.70431975
6.8,10.0,186,6.7,1.975355,6.36883875
6.9,8.0,332,6.6,1.719385,5.80484625
7.3,7.2,328,6.6,1.51114,5.652785000000001
7.1,7.2,125,6.5,0.621317,5.35532925
6.4,7.3,320,6.2,0.834109,5.18352725
6.6,5.2,1479,6.0,1.588457,4.847114249999999
6.1,8.8,473,6.0,1.096211,5.49905275
6.1,8.8,32,6.4,0.313073,5.40326825
6.5,7.1,274,6.3,1.259399,5.289849749999999
6.4,9.0,262,6.7,0.848748,5.7371870000000005
6.3,7.5,390,5.9,1.2184979999999999,5.2296245
7.4,10.0,71,6.7,0.43078999999999995,6.1326975
6.6,3.3,3180,6.3,4.9551300000000005,5.2887825
6.4,7.5,26,6.8,0.440959,5.285239750000001
6.3,4.8,534,6.3,2.061559,4.865389749999999
6.5,3.6,1121,6.0,2.523173,4.65579325
6.9,8.8,110,6.7,0.642804,5.760701
6.8,5.9,218,6.6,1.210502,5.127625500000001
7.4,6.3,64,7.0,0.500883,5.300220750000001
6.7,10.0,137,6.5,1.416811,6.15420275
7.1,6.5,137,6.6,0.630778,5.2076945
6.9,3.4,278,6.1,0.710505,4.27762625
7.2,6.3,52,6.6,0.06324,5.04081
7.0,7.3,50,6.2,0.477835,5.24445875
6.9,6.9,166,6.4,0.298196,5.124549000000001
6.5,6.5,149,6.3,0.963521,5.06588025
5.4,6.3,524,6.0,1.223392,4.730848000000001
6.9,4.9,689,6.5,2.2172389999999997,5.12930975
7.2,7.6,34,6.8,0.177964,5.444490999999999
5.9,8.6,154,6.0,0.70068,5.30017
7.0,8.6,11,5.2,0.202456,5.250614000000001
7.0,8.6,704,5.7,1.996757,5.82418925
7.4,8.6,25,7.2,0.25412399999999996,5.863531000000001
5.0,8.2,448,6.0,0.9963290000000001,5.04908225
6.8,8.0,50,6.2,0.23309699999999997,5.30827425
6.8,3.7,753,6.8,1.6530310000000001,4.73825775
6.9,8.8,37,6.6,0.161462,5.6153655
6.4,8.0,222,6.2,0.574398,5.2935995
7.1,10.0,13,6.2,0.25197600000000003,5.887993999999999
7.1,6.0,205,6.5,1.61544,5.30386
6.1,3.9,1277,5.8,2.454226,4.5635565
6.9,7.8,138,6.3,1.137934,5.5344835
6.0,10.0,80,6.7,0.518412,5.804603
6.5,6.4,320,6.1,1.60246,5.150615
6.7,5.1,211,6.4,1.152044,4.838011
7.3,9.3,39,6.3,0.348306,5.812076500000001
6.8,9.4,14,5.9,0.073488,5.543372000000001
7.6,7.3,55,7.0,0.41357299999999997,5.5783932499999995
7.0,3.9,33,6.2,0.19357,4.323392500000001
6.6,6.0,87,6.5,0.128012,4.807003
6.5,7.6,16,4.9,0.5427930000000001,4.88569825
6.5,7.6,62,5.8,0.757746,5.1644365
4.8,6.4,453,6.1,1.0918780000000001,4.5979695000000005
6.7,5.2,50,6.0,0.229931,4.53248275
6.9,8.2,19,6.1,0.25950100000000004,5.36487525
7.2,7.6,36,6.4,0.216962,5.3542404999999995
6.8,8.3,24,6.3,0.257875,5.41446875
5.2,4.5,194,5.8,0.560837,4.01520925
6.4,8.0,48,6.4,0.401154,5.300288500000001
6.2,5.2,172,5.9,0.480969,4.44524225
5.6,6.0,188,6.1,0.29434299999999997,4.49858575
6.2,5.3,190,5.8,0.789582,4.5223955
6.6,3.5,267,6.5,0.663515,4.31587875
6.2,9.0,147,6.1,0.524253,5.456063250000001
5.8,2.6,386,5.9,0.9618469999999999,3.8154617500000003
6.4,5.5,114,6.2,1.034373,4.78359325
6.1,2.8,248,6.0,0.911592,3.9528980000000002
5.9,7.5,143,6.0,1.0592290000000002,5.11480725
7.6,7.1,11,6.9,0.026174,5.406543500000001
6.3,6.2,88,6.5,0.495241,4.87381025
6.4,7.6,33,6.4,0.478232,5.219557999999999
5.7,4.2,367,5.5,1.419885,4.20497125
6.0,2.1,529,6.8,0.518174,3.8545435
5.5,5.7,262,5.2,0.8791950000000001,4.3197987499999995
5.6,5.6,174,5.4,1.118663,4.429665750000001
6.6,2.9,39,6.1,0.46425900000000003,4.01606475
6.0,5.2,96,5.8,0.643145,4.41078625
6.0,2.6,599,5.8,1.22837,3.9070925
5.9,2.4,357,5.8,0.876158,3.7440395
6.4,6.3,70,6.0,0.6637460000000001,4.840936500000001
5.7,6.0,44,5.0,0.612001,4.32800025
6.6,6.2,28,6.0,0.128911,4.732227749999999
6.4,3.3,308,6.2,1.8410799999999998,4.43527
6.1,7.0,40,6.0,0.749526,4.9623815
6.3,5.5,35,6.1,0.19861099999999998,4.52465275
7.2,4.0,57,6.6,0.779596,4.6448990000000006
7.4,6.7,11,4.9,0.41381599999999996,4.853454
5.9,4.0,125,6.1,0.627024,4.156756
6.3,4.0,133,6.4,1.0810799999999998,4.44527
5.4,4.2,353,5.3,0.962802,3.9657005
5.4,4.2,16,5.1,0.241283,3.73532075
6.2,5.0,172,6.4,1.8525029999999998,4.86312575
5.2,6.3,185,5.5,0.6538,4.41345
6.6,6.0,42,6.5,0.501163,4.90029075
6.2,7.3,15,6.6,0.09373,5.0484325
6.4,4.4,26,5.7,0.514373,4.25359325
6.1,5.0,109,5.9,0.609691,4.40242275
4.8,7.1,49,4.6,0.35994299999999996,4.21498575
4.5,4.4,247,5.8,0.549975,3.81249375
5.7,8.0,45,6.1,0.738153,5.13453825
6.5,5.6,21,6.6,0.142927,4.71073175
5.8,6.7,120,5.7,1.2891299999999999,4.8722825
5.6,5.5,112,5.9,0.651772,4.412943
6.3,3.0,59,6.3,0.590765,4.047691250000001
5.5,4.1,158,5.8,0.595052,3.998763
6.1,6.7,14,5.6,0.072267,4.61806675
6.0,3.5,40,5.8,0.339873,3.9099682500000004
5.6,0.7,173,5.8,0.8309340000000001,3.2327335
5.9,5.3,52,6.1,0.44115,4.435287499999999
5.3,6.3,45,5.4,0.13498800000000002,4.283747
6.0,4.0,13,7.1,0.037627999999999995,4.284407000000001
6.0,4.0,11,2.8,0.1294,3.2323500000000003
6.0,4.0,54,5.8,0.516927,4.07923175
5.9,4.5,126,5.8,0.993311,4.29832775
5.9,3.2,380,5.6,0.5211210000000001,3.8052802500000005
5.3,2.4,385,5.1,0.96047,3.4401175000000004
5.9,3.3,273,5.8,1.8490509999999998,4.21226275
6.4,8.4,12,6.5,0.107123,5.3517807500000005
6.4,3.6,98,6.3,0.763058,4.2657645
6.3,3.3,100,6.7,0.030366000000000004,4.0825915
7.1,3.3,19,6.5,0.507983,4.3519957499999995
5.8,1.8,171,5.8,0.779012,3.5447529999999996
5.8,4.5,174,6.2,0.678896,4.294724
6.5,6.8,73,4.6,0.56593,4.6164825
5.7,6.0,36,6.4,0.9056569999999999,4.751414250000001
5.3,5.3,210,5.8,0.8379059999999999,4.3094765
5.6,3.3,193,6.0,0.12459300000000001,3.7561482500000003
4.7,6.7,36,4.7,0.020272,4.030068
6.2,4.0,34,6.6,0.751428,4.387857
4.8,4.1,294,5.2,1.094959,3.79873975
4.2,4.2,10,4.9,0.049777999999999996,3.3374445
6.3,5.0,14,6.4,0.15934700000000002,4.46483675
6.2,4.0,32,5.3,0.38153200000000004,3.970383
5.4,3.7,129,5.5,0.9216530000000001,3.88041325
4.7,6.0,62,5.0,0.451669,4.03791725
4.5,2.9,331,5.2,1.623577,3.5558942499999997
6.1,1.3,101,5.9,1.046547,3.5866367500000003
6.2,2.0,70,6.2,0.536597,3.7341492499999998
6.3,3.6,10,4.6,0.194495,3.67362375
5.1,2.2,340,5.1,1.324927,3.43123175
5.2,2.5,101,5.3,0.49930699999999995,3.37482675
4.7,4.2,233,4.9,0.913069,3.67826725
6.1,1.8,21,5.6,0.417317,3.47932925
4.8,4.0,131,4.8,0.9640040000000001,3.641001
6.1,5.0,11,5.9,0.338357,4.33458925
4.9,3.1,150,5.0,0.410235,3.35255875
4.7,1.7,143,5.1,0.709677,3.05241925
5.9,5.0,22,5.8,0.282763,4.2456907500000005
5.4,3.6,78,5.8,0.506031,3.82650775
5.3,1.9,137,5.2,1.363623,3.4409057499999998
5.5,3.2,138,5.3,0.558258,3.6395645
5.0,1.4,270,5.1,1.004692,3.126173
5.2,1.9,56,5.3,0.622046,3.2555114999999994
2.4,7.3,15,5.9,0.0032380000000000004,3.9008095
5.5,2.5,18,5.7,0.284183,3.49604575
4.9,2.9,168,5.0,1.418168,3.554542
5.3,2.0,59,5.6,0.76252,3.4156299999999997
5.0,2.5,87,5.1,0.7598060000000001,3.3399514999999997
5.4,1.9,156,5.6,1.7816150000000002,3.67040375
5.5,2.3,36,5.1,0.680245,3.3950612499999995
4.6,1.4,134,5.1,0.678708,2.944677
6.3,4.0,11,7.0,0.32427,4.4060675
5.3,0.9,35,5.3,0.39653099999999997,2.97413275
5.0,1.1,154,5.6,1.494612,3.298653
5.4,1.7,72,5.8,0.583938,3.3709845
5.4,1.7,66,5.5,0.974651,3.3936627500000003
5.1,3.1,16,4.8,0.28734299999999996,3.32183575
5.0,4.0,29,5.9,0.39019000000000004,3.8225475
5.2,2.3,13,5.9,0.233055,3.4082637499999997
4.3,1.2,48,5.1,0.5005109999999999,2.77512775
4.7,3.0,77,5.2,1.255939,3.5389847499999996
1.6,2.4,11,7.0,0.020701,2.75517525
3.4,4.0,55,4.3,0.315387,3.00384675
5.0,2.6,10,5.4,0.127664,3.281916
4.7,0.5,20,4.3,0.421018,2.4802545
3.3,1.7,55,4.3,0.9790770000000001,2.5697692500000002
3.0,0.6,39,3.7,0.36904000000000003,1.91726
