movie_name,budget,revenue,runtime,year
inception,160000000,825500000,148.0,2010
the matrix,63000000,463517383,136.0,1999
back to the future,19000000,381109762,116.0,1985
the pianist,35000000,120072577,150.0,2002
django unchained,100000000,425368238,165.0,2012
raiders of the lost ark,18000000,389925971,115.0,1981
inglourious basterds,70000000,319131050,153.0,2009
taxi driver,1300000,28262574,114.0,1976
3 idiots,9000000,70000000,170.0,2009
room,6000000,35401758,118.0,2015
monty python and the holy grail,400000,5028948,91.0,1975
indiana jones and the last crusade,48000000,474171806,127.0,1989
groundhog day,14600000,70906973,101.0,1993
the king's speech,15000000,414211549,118.0,2010
her,23000000,47351251,126.0,2013
there will be blood,25000000,76181545,158.0,2007
the social network,40000000,224920315,120.0,2010
dallas buyers club,5000000,55198285,117.0,2013
the perks of being a wallflower,13000000,33400000,103.0,2012
life of brian,4000000,20045115,94.0,1979
ex machina,15000000,36869414,108.0,2015
silver linings playbook,21000000,205738714,122.0,2012
district 9,30000000,210819611,112.0,2009
moon,5000000,9760104,97.0,2009
drive,15000000,76175166,100.0,2011
drive,3500000,0,100.0,2011
minority report,102000000,358372926,145.0,2002
mystic river,25000000,156822020,138.0,2003
ferris bueller's day off,6000000,70136369,103.0,1986
despicable me,69000000,543513985,95.0,2010
sin city,40000000,158733820,124.0,2005
indiana jones and the temple of doom,28000000,333000000,118.0,1984
the theory of everything,15000000,121201940,123.0,2014
the pursuit of happyness,55000000,307077295,117.0,2006
senna,0,8212430,106.0,2010
scott pilgrim vs. the world,60000000,47664559,112.0,2010
magnolia,37000000,48451803,188.0,1999
the hateful eight,44000000,155760117,168.0,2015
the artist,15000000,133432856,100.0,2011
back to the future part ii,40000000,332000000,108.0,1989
willy wonka & the chocolate factory,3000000,4000000,100.0,1971
what's eating gilbert grape,11000000,30000000,118.0,1993
the curious case of benjamin button,150000000,333932083,166.0,2008
hugo,170000000,185770160,126.0,2011
as good as it gets,50000000,314178011,139.0,1997
back to the future part iii,40000000,244527583,118.0,1990
searching for sugar man,0,0,86.0,2012
road to perdition,80000000,181001478,117.0,2002
blackfish,0,0,83.0,2013
song of the sea,0,857522,93.0,2014
end of watch,7000000,48126384,109.0,2012
the evil dead,350000,29400000,85.0,1981
about time,0,87100449,123.0,2013
the naked gun: from the files of police squad!,12000000,78756177,85.0,1988
mud,10000000,21587700,130.0,2013
the matrix reloaded,150000000,738599701,138.0,2003
the last samurai,140000000,456758981,154.0,2003
tarzan,0,0,110.0,1999
tarzan,0,0,110.0,1999
saving mr. banks,35000000,112544580,125.0,2013
jiro dreams of sushi,0,2550508,81.0,2011
corpse bride,40000000,117195061,77.0,2005
jerry maguire,50000000,273552592,139.0,1996
goldeneye,58000000,352194034,130.0,1995
goldeneye,0,0,130.0,1995
the boy in the striped pyjamas,12500000,20416563,94.0,2008
the little prince,64000000,97571250,108.0,2015
the spectacular now,2500000,6854611,95.0,2013
extraction,0,16775,116.0,2020
the lobster,4000000,9064511,119.0,2015
blue valentine,1000000,12355734,112.0,2010
kung fu panda 2,150000000,665692281,90.0,2011
cloverfield,25000000,170764026,85.0,2008
the adventures of tintin,130000000,371940071,107.0,2011
bolt,150000000,309979994,96.0,2008
chasing amy,250000,12021272,113.0,1997
the princess and the frog,105000000,267045765,97.0,2009
the wicker man,40000000,38755073,88.0,1973
the wicker man,0,0,88.0,1973
a single man,7000000,0,99.0,2009
blow,53000000,83282296,124.0,2001
the squid and the whale,1500000,11098131,81.0,2005
frances ha,0,4069826,86.0,2013
tootsie,21000000,177200000,116.0,1982
steve jobs,30000000,34441873,122.0,2015
tremors,11000000,48572000,96.0,1990
the croods,135000000,585178928,98.0,2013
locke,2000000,4635300,85.0,2014
bill burr: i'm sorry you feel that way,0,0,80.0,2014
starred up,0,54915,106.0,2013
austin powers: international man of mystery,16500000,67683989,94.0,1997
blue ruin,0,258384,90.0,2013
the patriot,110000000,215294342,165.0,2000
the patriot,25000000,0,165.0,2000
babel,25000000,135330182,143.0,2006
miracle,28000000,64445708,135.0,2004
tinker tailor soldier spy,30000000,0,122.0,2011
the witch,3500000,40423945,92.0,2015
hush,0,0,82.0,2016
hush,0,0,82.0,2016
elizabeth,30000000,82150642,124.0,1998
freedom writers,21000000,41170784,123.0,2007
the master,32000000,28258060,138.0,2012
a serious man,7000000,31430334,106.0,2009
lawless,26000000,53676580,116.0,2012
charlie and the chocolate factory,150000000,474968763,115.0,2005
the mask of zorro,95000000,250288523,136.0,1998
the natural,28000000,47951979,138.0,1984
equilibrium,20000000,5359645,107.0,2002
arthur christmas,0,0,97.0,2011
the rainmaker,40000000,45916769,135.0,1997
the crying game,3705538,62548947,112.0,1992
war horse,66000000,177584879,146.0,2011
a most violent year,20000000,12007070,125.0,2014
the other guys,100000000,170432927,107.0,2010
insidious,1500000,97009150,103.0,2010
bad boys,0,9190819,119.0,1995
bad boys,19000000,141407024,119.0,1995
the foreigner,16700000,0,113.0,2017
the danish girl,15000000,64191523,119.0,2015
the ring,48000000,249348933,115.0,2002
trumbo,15000000,8235661,124.0,2015
united 93,15000000,76286096,111.0,2006
patriot games,45000000,178051587,117.0,1992
hitch,70000000,368100420,118.0,2005
enemy,0,3396726,91.0,2013
indiana jones and the kingdom of the crystal skull,185000000,786636033,122.0,2008
julie & julia,40000000,129540499,123.0,2009
kon-tiki,16600000,0,118.0,2012
kajaki,0,0,108.0,2014
salt,110000000,293329073,100.0,2010
the hundred-foot journey,22000000,88880821,122.0,2014
scooby-doo on zombie island,0,0,77.0,1998
the end of the tour,0,3002884,106.0,2015
the one i love,0,0,91.0,2014
underworld,22000000,95708457,121.0,2003
madagascar: escape 2 africa,150000000,603900354,89.0,2008
the matrix revolutions,150000000,424988211,129.0,2003
richard pryor: live in concert,0,0,78.0,1979
austin powers: the spy who shagged me,33000000,310940086,95.0,1999
get him to the greek,40000000,90029656,109.0,2010
slow west,0,229094,84.0,2015
sinister,3000000,77712439,110.0,2012
20 feet from stardom,1000000,0,91.0,2013
the stanford prison experiment,0,643557,122.0,2015
my week with marilyn,6400000,35057696,99.0,2011
catfish,30000,3045943,87.0,2010
jarhead,72000000,96889998,125.0,2005
yes man,70000000,225990978,104.0,2008
goon,0,6483963,92.0,2012
ace ventura: pet detective,15000000,107217396,86.0,1994
inequality for all,0,0,89.0,2013
olympus has fallen,70000000,161025640,119.0,2013
la bamba,6500000,54215416,108.0,1987
public enemies,80000000,214104620,140.0,2009
the polar express,165000000,305875730,100.0,2004
under the skin,13300000,5380251,108.0,2014
zack and miri make a porno,24000000,42105111,101.0,2008
the score,68000000,71069884,124.0,2001
hamburger hill,0,13839404,110.0,1987
9,30000000,48428063,79.0,2009
9,0,0,79.0,2009
undefeated,0,0,113.0,2011
legend,25000000,42972994,132.0,2015
legend,25000000,15502112,132.0,2015
terminator 3: rise of the machines,200000000,435000000,109.0,2003
hancock,150000000,624029371,92.0,2008
the pixar story,0,0,88.0,2007
child's play,9000000,44196684,90.0,1988
obvious child,0,3123963,84.0,2014
the spiderwick chronicles,90000000,162839667,96.0,2008
turbo,135000000,282570682,96.0,2013
my girl,16500000,0,102.0,1991
remember,0,1986615,94.0,2015
bad boys ii,130000000,273339556,147.0,2003
being elmo: a puppeteer's journey,0,286201,80.0,2011
creep,0,0,77.0,2014
creep,0,0,77.0,2014
the interview,44000000,11305175,112.0,2014
outbreak,0,189859560,127.0,1995
black snake moan,15000000,10903846,116.0,2006
candyman,6000000,25792310,99.0,1992
up in smoke,0,41590893,86.0,1978
final destination,23000000,53302314,98.0,2000
kill the messenger,5000000,2450846,112.0,2014
21,35000000,69823199,123.0,2008
tomorrow never dies,110000000,333011068,119.0,1997
chitty chitty bang bang,10000000,0,144.0,1968
jodhaa akbar,8376800,13000000,213.0,2008
"love, rosie",0,4439431,102.0,2014
oceans,0,19406406,104.0,2009
alpha dog,0,15309302,122.0,2006
the babysitter,0,0,85.0,2017
click,82500000,237681299,107.0,2006
the duchess,0,0,110.0,2008
how the grinch stole christmas,123000000,345141403,104.0,2000
the sapphires,0,0,103.0,2012
bloodsport,1500000,11806119,92.0,1988
tinker bell and the legend of the neverbeast,0,0,76.0,2014
she's out of my league,20000000,49779728,104.0,2010
killing them softly,15000000,37930465,97.0,2012
suffragette,14000000,16002420,106.0,2015
terminator salvation,200000000,371353001,115.0,2009
tinker bell and the pirate fairy,0,20300000,78.0,2014
the world is not enough,135000000,361832400,128.0,1999
underworld: evolution,50000000,111340801,106.0,2006
the water diviner,22500000,15520023,111.0,2014
austin powers in goldmember,63000000,296633907,94.0,2002
he never died,0,0,99.0,2015
black sea,0,1171559,114.0,2014
event horizon,60000000,26673242,96.0,1997
mississippi grind,0,0,108.0,2015
young adult,12000000,22939027,94.0,2011
scary movie,19000000,278019771,111.0,2000
killer klowns from outer space,2000000,0,88.0,1988
while we're young,10000000,7587485,97.0,2014
die another day,140000000,431971116,133.0,2002
cadillac records,12000000,0,109.0,2008
the runaways,10000000,2995811,106.0,2010
2012,200000000,769653595,158.0,2009
sleeping with other people,0,3214116,101.0,2015
what lies beneath,100000000,155464351,130.0,2000
one day,15000000,59389433,107.0,2011
just friends,0,50817508,96.0,2005
final destination 2,26000000,90426405,90.0,2003
white fang,14000000,34793160,107.0,2018
underworld: rise of the lycans,35000000,91327197,92.0,2009
kevin hart: laugh at my pain,0,0,89.0,2011
gridiron gang,30000000,41480851,125.0,2006
hot rod,0,14334401,88.0,2007
bee movie,150000000,287594577,91.0,2007
he's just not that into you,40000000,177259441,129.0,2009
forks over knives,0,664747,96.0,2011
bandits,75000000,67631903,123.0,2001
dragonheart,57000000,115267375,103.0,1996
soul surfer,18000000,47088990,112.0,2011
haywire,23000000,33372606,93.0,2011
stuart little,133000000,300135367,84.0,1999
cutie and the boxer,0,0,82.0,2013
big miracle,40000000,24719215,107.0,2012
deep impact,75000000,140464664,120.0,1998
stonehearst asylum,0,0,112.0,2014
red dawn,65000000,44806783,114.0,1984
red dawn,0,38376497,114.0,1984
the company men,15000000,4882577,104.0,2010
jimmy neutron: boy genius,25000000,80936232,82.0,2001
world trade center,63000000,162945894,129.0,2006
mortal kombat,18000000,122195920,101.0,1995
carriers,0,5802422,84.0,2009
can't hardly wait,10000000,25605015,100.0,1998
the first wives club,26000000,116400000,103.0,1996
life as we know it,38000000,105610124,114.0,2010
cop car,0,134552,88.0,2015
urban cowboy,0,0,132.0,1980
above the rim,0,0,96.0,1994
resident evil: extinction,45000000,147717833,94.0,2007
open season,85000000,197309027,86.0,2006
resident evil: apocalypse,45000000,129394835,94.0,2004
kate & leopold,0,0,118.0,2001
the money pit,10000000,54999651,91.0,1986
burlesque,55000000,89519773,119.0,2010
the invention of lying,18500000,31912793,100.0,2009
laggies,0,0,99.0,2014
eddie murphy: delirious,0,0,69.0,1983
cookie's fortune,10000000,0,118.0,1999
center stage,18000000,17200925,115.0,2000
quartet,11000000,59520298,98.0,2012
dolphin tale 2,36000000,52424533,107.0,2014
evolution,80000000,98376292,101.0,2001
the iron lady,13000000,114956699,105.0,2011
son of a gun,0,0,108.0,2014
the rover,12250000,2295423,103.0,2014
after,0,0,105.0,2019
jersey boys,40000000,67347013,134.0,2014
final destination 3,25000000,117719158,93.0,2006
"to wong foo, thanks for everything! julie newmar",0,47774193,109.0,1995
elizabeth: the golden age,25000000,74237563,114.0,2007
the green hornet,120000000,227817248,119.0,2011
dear john,25000000,114977104,108.0,2010
13 sins,5000000,0,93.0,2014
kiss the girls,27000000,60527873,115.0,1997
battle: los angeles,70000000,202466756,116.0,2011
trailer park boys: the movie,5000000,3833507,95.0,2006
transcendence,100000000,103039258,119.0,2014
the unknown known,0,0,103.0,2013
into the forest,0,0,101.0,2016
stuart little 2,120000000,169956806,77.0,2002
from paris with love,52000000,52615806,92.0,2010
promised land,15000000,8138788,106.0,2012
the signal,4000000,600896,97.0,2014
the signal,50000,249905,97.0,2014
self/less,26000000,30523226,117.0,2015
in the shadow of the moon,2000000,0,115.0,2019
mirror mirror,85000000,183018522,106.0,2012
brooklyn's finest,17000000,29536299,132.0,2009
wish i was here,5500000,5483299,106.0,2014
man of tai chi,25000000,2054941,105.0,2013
the secret,0,0,106.0,2006
horns,0,0,120.0,2013
chicken little,150000000,314432665,81.0,2005
kicking and screaming,0,718490,95.0,1995
kevin hart: let me explain,0,32230907,75.0,2013
fun with dick and jane,100000000,202026112,90.0,2005
johnny english reborn,45000000,160078586,101.0,2011
highway,14000000,0,133.0,2014
chloe,15000000,8459458,96.0,2009
benji,0,0,87.0,2018
heartbreakers,35000000,0,123.0,2001
nighthawks,5000000,19905359,99.0,1981
romeo must die,25000000,91036760,115.0,2000
ghost rider,110000000,228738393,110.0,2007
tremors 2: aftershocks,4000000,0,100.0,1996
jupiter ascending,176000003,183987723,127.0,2015
nacho libre,32000000,80197993,92.0,2006
dinner for schmucks,69000000,86387857,114.0,2010
school daze,0,0,121.0,1988
resident evil: afterlife,60000000,296221663,96.0,2010
khoobsurat,0,0,130.0,2014
ginger & rosa,0,1005700,90.0,2012
the time machine,80000000,123729176,96.0,2002
the time machine,750000,0,96.0,2002
maps to the stars,0,1338365,111.0,2014
looney tunes: back in action,80000000,68514844,93.0,2003
the bling ring,0,0,90.0,2013
the bling ring,15000000,19145732,90.0,2013
the tourist,100000000,278346189,103.0,2010
what a girl wants,0,0,105.0,2003
he named me malala,0,2642899,88.0,2015
race to witch mountain,50000000,106303988,98.0,2009
a night at the roxbury,17000000,30331165,82.0,1998
song for marion,0,1697294,90.0,2012
dhobi ghat,0,0,100.0,2010
we are your friends,6000000,11122090,96.0,2015
the rugrats movie,0,100491683,79.0,1998
hit & run,2000000,14400000,100.0,2012
earth to echo,13000000,45300000,91.0,2014
40 days and 40 nights,17000000,0,96.0,2002
ninja assassin,40000000,60462347,99.0,2009
"as above, so below",5000000,40100000,93.0,2014
concussion,35000000,48623572,123.0,2013
concussion,0,0,123.0,2013
little monsters,7000000,793775,93.0,1989
the core,60000000,74208267,135.0,2003
the rum diary,45000000,24000000,119.0,2011
secret in their eyes,19500000,32189727,111.0,2015
a little chaos,0,0,112.0,2015
don't be afraid of the dark,25000000,36993168,99.0,2010
don't be afraid of the dark,0,0,99.0,2010
paheli,0,0,140.0,2005
scary movie 2,45000000,141220678,83.0,2001
failure to launch,50000000,88715192,97.0,2006
popeye,20000000,0,114.0,1980
get santa,0,0,102.0,2014
the bounty hunter,40000000,136000000,110.0,2010
guess who,35000000,68915888,105.0,2005
valentine's day,52000000,216485654,125.0,2010
the lovers,27000000,0,122.0,2017
ghosts of girlfriends past,0,102223269,115.0,2009
equals,0,2000000,101.0,2015
the bad education movie,0,0,90.0,2015
godzilla,160000000,529076069,123.0,1998
godzilla,130000000,379014294,123.0,1998
raising cain,12000000,37170057,92.0,1992
results,0,104507,105.0,2015
hop,63000000,183953723,95.0,2011
the peacemaker,50000000,0,124.0,1997
jim gaffigan: obsessed,0,0,60.0,2014
the final destination,40000000,186167139,82.0,2009
for colored girls,0,37000000,133.0,2010
the heartbreak kid,60000000,127766650,116.0,2007
the art of the steal,0,64065,90.0,2013
for love or money,30000000,11146270,96.0,1993
the package,0,0,94.0,2018
tusk,2800000,1826705,102.0,2014
tremors 3: back to perfection,0,0,104.0,2001
god's not dead,17000000,29789000,113.0,2014
a very murray christmas,0,0,56.0,2015
13 cameras,0,0,87.0,2015
cirque du freak: the vampire's assistant,40000000,28169671,109.0,2009
the captive,0,1075178,112.0,2014
dark places,20000000,208588,113.0,2015
drillbit taylor,40000000,0,110.0,2008
closed circuit,0,5750401,96.0,2013
i'll see you in my dreams,0,7449681,92.0,2015
it takes two,0,0,101.0,1995
cop out,30000000,55583804,107.0,2010
the green inferno,5000000,6833445,100.0,2014
the vatican tapes,13000000,1784763,91.0,2015
5 flights up,6000000,1020921,88.0,2014
life after beth,2400000,88273,89.0,2014
house at the end of the street,6900000,0,101.0,2012
all the boys love mandy lane,750000,0,90.0,2008
dream house,50000000,38502340,84.0,2011
arjun: the warrior prince,0,0,96.0,2012
country strong,15000000,20529194,117.0,2010
carrie,0,0,98.0,2002
carrie,30000000,82394288,98.0,2002
carrie,1800000,33800000,98.0,2002
"yours, mine & ours",45000000,72028752,88.0,2005
barely lethal,0,6075,96.0,2015
moonwalkers,0,0,107.0,2015
imagine that,55000000,0,107.0,2009
patrick,0,0,94.0,2018
patrick,0,0,94.0,2018
sleepover,0,0,89.0,2004
major league ii,0,30626182,105.0,1994
tarzan ii,0,0,72.0,2005
rugrats go wild,0,0,80.0,2003
sinister 2,10000000,52882018,97.0,2015
a haunted house,2500000,60141683,86.0,2013
"the goods: live hard, sell hard",10000000,0,89.0,2009
sex and the city 2,100000000,288347692,146.0,2010
apollo 18,5000000,25562924,86.0,2011
chernobyl diaries,0,18112929,86.0,2012
the cat in the hat,0,0,82.0,2003
cut bank,5000000,0,93.0,2014
casa de mi padre,0,0,84.0,2012
demonic,3000000,3387000,83.0,2015
silent hill: revelation 3d,20000000,52302796,95.0,2012
hangman,0,0,98.0,2017
lila & eve,0,0,94.0,2015
soul plane,16000000,14822346,86.0,2004
she hate me,8000000,365134,138.0,2004
w.e.,15000000,868439,119.0,2011
by the sea,10000000,3334927,122.0,2015
the last airbender,150000000,318502923,103.0,2010
backtrack,0,0,90.0,2015
mo' money,17000000,0,89.0,1992
the assignment,0,0,95.0,2016
snow day,0,0,89.0,2000
jem and the holograms,5000000,2333684,118.0,2015
point blank,0,0,86.0,2019
dragonheart: a new beginning,0,0,84.0,2000
sliver,40000000,116300000,107.0,1993
skin trade,9000000,0,96.0,2014
the roommate,16000000,40492759,91.0,2011
the watcher,33000000,0,103.0,2000
the adderall diaries,0,0,87.0,2016
shorts,40000000,28972508,89.0,2009
miss julie,5500000,5000000,129.0,2014
spy kids: all the time in the world,27000000,85564310,89.0,2011
the little mermaid,40000000,211343479,83.0,2018
i don't know how she does it,24000000,30551495,89.0,2011
visions,0,0,82.0,2015
good people,0,0,90.0,2014
hoodwinked too! hood vs. evil,30000000,13521829,86.0,2011
don verdean,0,0,90.0,2015
the love guru,62000000,41819064,87.0,2008
zoom,35000000,12506188,93.0,2006
revenge of the green dragons,5000000,0,94.0,2014
the devil inside,1000000,101758490,83.0,2012
reincarnated,0,0,96.0,2012
the runner,6000000,0,90.0,2015
monsters: dark continent,0,0,119.0,2014
a glimpse inside the mind of charles swan iii,0,0,86.0,2012
dance flick,0,0,83.0,2009
jacob's ladder,25000000,25965144,113.0,2019
the dark knight,185000000,1001921825,152.0,2008
goodfellas,25000000,46836394,146.0,1990
good will hunting,10000000,225933435,126.0,1997
the green mile,60000000,284600000,189.0,1999
batman begins,150000000,374218673,140.0,2005
kill bill: vol. 1,30000000,180949000,111.0,2003
zombieland,23600000,102391382,88.0,2009
kill bill: vol. 2,30000000,152159461,137.0,2004
true grit,38000000,252276927,110.0,2010
true grit,0,14250000,110.0,2010
50/50,8000000,39187783,100.0,2011
the graduate,3000000,104397102,106.0,1967
misery,20000000,61276872,107.0,1990
the conjuring,13000000,318000141,112.0,2013
blazing saddles,2600000,119500000,93.0,1974
up in the air,25000000,163670000,109.0,2009
the cabin in the woods,30000000,66486080,95.0,2012
escape from alcatraz,8000000,43000000,112.0,1979
star trek ii: the wrath of khan,12000000,96800000,113.0,1982
super 8,50000000,260095987,112.0,2011
coherence,0,102617,89.0,2013
heathers,0,1108462,103.0,1989
the descent,0,0,99.0,2005
rango,135000000,245724603,107.0,2011
the host,44000000,63327201,120.0,2006
we need to talk about kevin,7000000,6038942,112.0,2011
let me in,20000000,24145613,116.0,2010
megamind,130000000,321885765,95.0,2010
the full monty,3500000,257850122,91.0,1997
chicken run,45000000,224834564,84.0,2000
swingers,200000,4505922,96.0,1996
"food, inc.",0,0,94.0,2008
notes on a scandal,15000000,49469904,92.0,2006
star trek vi: the undiscovered country,27000000,96900000,110.0,1991
love & mercy,0,28641776,121.0,2015
the prince of egypt,70000000,218613188,99.0,1998
the way back,30000000,20348249,108.0,2010
risky business,6200000,63541777,99.0,1983
natural born killers,34000000,50282766,118.0,1994
horton hears a who!,85000000,297138014,86.0,2008
romancing the stone,10000000,86572238,106.0,1984
phone booth,13000000,97837138,81.0,2002
gods and monsters,10000000,6451628,105.0,1998
tangerine,0,0,88.0,2015
bend it like beckham,3500159,76578641,112.0,2002
the book of eli,80000000,157107755,118.0,2010
the messenger,6500000,1521261,113.0,2009
cartel land,0,0,100.0,2015
antz,60000000,171757863,83.0,1998
the next three days,30000000,51148651,133.0,2010
jesus camp,0,0,84.0,2006
kinsey,0,0,118.0,2004
demolition man,57000000,159055768,115.0,1993
spirit: stallion of the cimarron,80000000,122563539,83.0,2002
the skeleton twins,0,5284309,93.0,2014
monster house,75000000,140175006,91.0,2006
star trek iii: the search for spock,18000000,87000000,105.0,1984
cashback,0,2294291,102.0,2006
get smart,80000000,230685453,110.0,2008
killer joe,10000000,3665069,102.0,2011
oculus,5000000,44030246,104.0,2014
best of enemies,1000000,0,87.0,2015
arbitrage,12000000,35485056,107.0,2012
amazing grace,0,0,118.0,2018
jackass 3d,20000000,0,95.0,2010
the queen of versailles,0,714544,100.0,2012
2 days in paris,0,19776159,96.0,2007
the wrecking crew,0,0,105.0,2008
europa report,125687,0,90.0,2013
the cooler,32000000,0,101.0,2003
the road to el dorado,95000000,76432727,89.0,2000
christine,0,21200000,110.0,2016
pawn sacrifice,0,0,115.0,2015
transformers: dark of the moon,195000000,1123746996,154.0,2011
wayne's world 2,0,47965000,95.0,1993
no strings attached,25000000,147780440,108.0,2011
the pirates! in an adventure with scientists!,60000000,118338361,88.0,2012
gloria,0,4059673,122.0,2013
soul food,0,0,115.0,1997
footloose,24000000,63543328,113.0,2011
footloose,8200000,80035402,113.0,2011
charlotte's web,85000000,144,97.0,1973
charlotte's web,0,0,97.0,1973
drinking buddies,0,343341,90.0,2013
experimenter,0,0,98.0,2015
odd thomas,27000000,0,100.0,2013
every day,0,18000,97.0,2018
it's a disaster,0,0,88.0,2013
slums of beverly hills,5000000,0,91.0,1998
the frozen ground,27220000,5496951,105.0,2013
paranoid park,0,486021,85.0,2007
paranormal activity 3,5000000,205703818,83.0,2011
death wish,3000000,22000000,107.0,2018
star trek: insurrection,70000000,118000000,103.0,1998
bad company,70000000,65977295,84.0,1972
dior and i,0,0,90.0,2015
gorky park,0,16175602,128.0,1983
free willy,20000000,153698625,112.0,1993
man on a ledge,42000000,46221189,102.0,2012
meek's cutoff,0,876302,104.0,2010
walking tall,56000000,57223890,86.0,1973
walking tall,0,0,86.0,1973
pet sematary,11500000,57469467,101.0,2019
the overnight,0,1100000,79.0,2015
star trek: the motion picture,35000000,139000000,132.0,1979
southbound,0,0,89.0,2015
american ultra,28000000,28208085,96.0,2015
hellbound: hellraiser ii,0,12090735,97.0,1988
the mexican,57000000,147845033,123.0,2001
paranormal activity 2,3000000,177512032,91.0,2010
friends with kids,0,12186625,107.0,2012
welcome to the rileys,0,42145,110.0,2010
hector and the search for happiness,0,1124445,120.0,2014
waiting to exhale,16000000,81452156,124.0,1995
the swan princess,35000000,9771658,93.0,1994
sinbad: legend of the seven seas,60000000,26288320,86.0,2003
the den,0,0,81.0,2013
the 33,25000000,24902723,127.0,2015
teen spirit,0,0,93.0,2019
leap year,19000000,29922472,100.0,2010
the league of extraordinary gentlemen,78000000,179265204,110.0,2003
hello i must be going,0,0,95.0,2012
the jewel of the nile,25000000,96773200,106.0,1985
middle men,22000000,0,105.0,2009
before i go to sleep,0,15060457,92.0,2014
the yellow handkerchief,15000000,317000,102.0,2009
the chumscrubber,0,0,108.0,2005
universal soldier,23000000,0,102.0,1992
a life less ordinary,12000000,0,103.0,1997
girls just want to have fun,0,0,90.0,1985
the ant bully,50000000,55181129,88.0,2006
overboard,1880006,26713187,112.0,2018
high-rise,0,0,119.0,2015
tank girl,25000000,6600000,104.0,1995
case 39,27000000,29000000,109.0,2009
the x files: i want to believe,30000000,68369434,104.0,2008
a good old fashioned orgy,0,0,95.0,2011
children of the corn,4500000,0,92.0,1984
children of the corn,800000,14000000,92.0,1984
friday the 13th: the final chapter,0,32,91.0,1984
ballet 422,0,0,75.0,2014
the tall man,18200000,0,106.0,2012
scenic route,0,0,82.0,2013
the kid,65000000,69700000,100.0,2019
wild card,30000000,0,92.0,2015
brick mansions,28000000,68896829,90.0,2014
planet 51,70000000,104945765,91.0,2009
digging for fire,0,0,85.0,2015
conan the barbarian,90000000,48795021,129.0,2011
conan the barbarian,20000000,68851475,129.0,2011
cantinflas,0,0,102.0,2014
madea's big happy family,25000000,53213633,106.0,2011
free birds,55000000,110000000,91.0,2013
righteous kill,60000000,73174566,101.0,2008
foxfire,0,258263,102.0,1996
star trek v: the final frontier,30000000,70200000,107.0,1989
friday the 13th part iii,4000000,36690067,95.0,1982
abduction,35000000,82087155,106.0,2011
the big wedding,35000000,21819348,89.0,2013
madea's witness protection,0,0,114.0,2012
playing it cool,0,0,94.0,2014
the pink panther 2,0,75871032,92.0,2009
texas chainsaw 3d,20000000,47241945,92.0,2013
"i, frankenstein",65000000,71154592,92.0,2014
the numbers station,10000000,0,89.0,2013
legendary,0,0,92.0,2010
and so it goes,30000000,25312387,94.0,2014
tamara,4750000,206871,98.0,2005
romeo & juliet,0,1162635,118.0,2013
fun size,14000000,11417362,86.0,2012
black gold,40000000,5446000,130.0,2011
free willy 3: the rescue,0,0,86.0,1997
nobody's fool,0,0,110.0,2018
bangkok dangerous,45000000,42487390,99.0,2008
girl most likely,0,0,103.0,2012
legends of oz: dorothy's return,70000000,18662027,88.0,2014
black rock,0,0,83.0,2012
manglehorn,4000000,143101,97.0,2015
serena,0,176391,109.0,2014
raze,0,0,87.0,2013
repentance,5000000,1189612,90.0,2014
getaway,18000000,10501938,123.0,2013
out of the dark,0,0,92.0,2014
the other man,15000000,1143856,88.0,2008
the reunion,6000000,0,94.0,2011
inside out,175000000,853708609,95.0,2011
beneath the darkness,7300000,0,80.0,2012
the avengers,220000000,1519557910,143.0,2012
the avengers,60000000,48522832,143.0,2012
airplane!,3500000,83453539,88.0,1980
rosemary's baby,0,0,137.0,1968
rosemary's baby,3200000,33395426,137.0,1968
the girl with the dragon tattoo,90000000,232617430,158.0,2009
short term 12,0,1600000,96.0,2013
thor,150000000,444115007,115.0,2011
captain america: the first avenger,140000000,370569774,124.0,2011
night of the living dead,114000,0,96.0,1968
night of the living dead,4200000,5835247,96.0,1968
the machinist,5000000,8203235,101.0,2004
the conversation,1600000,4420000,113.0,1974
iron man 2,200000000,623933331,124.0,2010
pi,60000,3221152,84.0,1998
charade,4000000,13474588,113.0,1963
apocalypto,40000000,120175290,139.0,2006
temple grandin,0,0,107.0,2010
the lincoln lawyer,40000000,85412898,118.0,2011
harold and maude,1200000,0,91.0,1971
the man who shot liberty valance,3200000,8000000,123.0,1962
escape from new york,6000000,50000000,99.0,1981
mississippi burning,15000000,34604000,128.0,1988
inside llewyn davis,11000000,32935319,104.0,2013
pride,0,7523634,119.0,2014
pride,0,0,119.0,2014
dead man walking,11000000,39363635,122.0,1995
grizzly man,0,0,103.0,2005
the imposter,0,0,99.0,2012
capote,7000000,49084830,114.0,2005
samsara,4000000,0,102.0,2011
the hours,25000000,108846072,110.0,2002
seven psychopaths,15000000,19422261,110.0,2012
bridget jones's diary,25000000,281929795,97.0,2001
the last waltz,0,321952,117.0,1978
lars and the real girl,12000000,11293663,106.0,2007
the look of silence,0,153516,103.0,2014
the virgin suicides,6000000,10409377,97.0,1999
fiddler on the roof,9000000,10404330,181.0,1971
the return of the living dead,4000000,14237000,91.0,1985
the long goodbye,0,0,112.0,1973
legends of the fall,30000000,160638883,133.0,1994
highlander,16000000,5900000,116.0,1986
the italian job,60000000,176070171,111.0,1969
the ghost writer,45000000,60222298,128.0,2010
the birdcage,0,185260553,117.0,1996
murder on the orient express,0,27634716,114.0,1974
the boondock saints,6000000,30471,108.0,1999
moonstruck,0,80640528,102.0,1987
the proposition,2000000,5048693,94.0,2005
fitzcarraldo,0,0,158.0,1982
you can count on me,0,0,111.0,2000
meru,0,2334228,90.0,2015
the sweet hereafter,5000000,3263585,112.0,1997
dead ringers,13000000,8038508,116.0,1988
triangle,12000000,0,99.0,2009
gallipoli,0,5732587,110.0,1981
terms of endearment,8000000,0,132.0,1983
pretty in pink,0,40471663,97.0,1986
the kings of summer,0,0,95.0,2013
if....,0,500000,111.0,1968
beautiful boy,0,63931,120.0,2018
hard eight,3000000,222559,102.0,1996
ginger snaps,5000000,0,108.0,2000
robot & frank,2500000,3325038,89.0,2012
gia,0,0,120.0,1998
and the band played on,0,0,141.0,1993
hellraiser,1000000,14564027,94.0,1987
air force one,85000000,315156409,124.0,1997
get the gringo,35000000,0,96.0,2012
big night,0,0,109.0,1996
reds,32000000,40382659,195.0,1981
bernie,0,0,99.0,2012
bernie,0,0,99.0,2012
dog soldiers,0,0,105.0,2002
soldier's girl,0,0,112.0,2003
the endless summer,0,0,95.0,1966
laurence anyways,9500000,0,168.0,2012
the snowman,0,0,119.0,1982
a bridge too far,22000000,50750000,175.0,1977
wake in fright,0,0,109.0,1971
a most wanted man,15000000,31554855,122.0,2014
runaway train,9000000,7936012,98.0,1985
house of sand and fog,16500000,16942795,126.0,2003
behind the candelabra,23000000,15600000,118.0,2013
what maisie knew,6000000,1066471,99.0,2013
citizen x,0,0,105.0,1995
some kind of wonderful,0,18553948,95.0,1987
the phantom of the opera,70000000,154648887,143.0,1925
the phantom of the opera,0,0,143.0,1925
what if,11000000,7847000,98.0,2013
the doors,38000000,34416893,140.0,1991
the pink panther strikes again,6000000,33833201,103.0,1976
transsiberian,15000000,5926410,111.0,2008
house of games,0,2585639,102.0,1987
the crazies,20000000,54956140,101.0,2010
the crazies,275000,0,101.0,2010
atlantic city,7200000,12729678,104.0,1980
king of new york,1000000,2554476,103.0,1990
carnival of souls,30000,0,78.0,1962
the whistleblower,0,0,112.0,2010
dhoom 2,11000000,46396427,152.0,2006
harry brown,7300000,10329747,103.0,2009
ghost town,0,0,102.0,2008
friday the 13th,19000000,91379051,95.0,1980
friday the 13th,550000,59754601,95.0,1980
birdy,0,0,120.0,1984
death of a salesman,0,0,136.0,1985
who killed the electric car?,1000000,1678874,92.0,2006
breakdown,36000000,50159144,93.0,1997
the house of the devil,0,0,95.0,2009
magic mike,7000000,167221571,110.0,2012
draft day,27000000,28831145,110.0,2014
capitalism: a love story,20000000,17436509,127.0,2009
papillon,12000000,53267000,133.0,2017
phantasm,300000,11988469,89.0,1979
dark water,30000000,25473093,105.0,2002
southern comfort,0,0,106.0,1981
the snow walker,0,0,103.0,2003
sunshine cleaning,5000000,16174377,91.0,2008
the woman in black,17000000,127730736,95.0,2012
the woman in black,0,0,95.0,2012
behind the mask: the rise of leslie vernon,0,69136,92.0,2006
these final hours,0,0,87.0,2014
the man who fell to earth,1500000,0,139.0,1976
the monster squad,12000000,3769990,79.0,1987
rosencrantz & guildenstern are dead,0,0,117.0,1991
phenomena,3800000,0,116.0,1985
grey gardens,12000000,0,95.0,2009
grey gardens,0,0,95.0,2009
macbeth,0,13192457,113.0,2015
macbeth,0,0,113.0,2015
danny collins,10000000,10835752,106.0,2015
too big to fail,0,0,99.0,2011
bad taste,25710,0,91.0,1987
ballet shoes,0,0,85.0,2008
charlie bartlett,12000000,0,97.0,2007
explorers,25000000,9873044,109.0,1985
janis: little girl blue,0,0,103.0,2015
fat city,0,0,96.0,1972
the dressmaker,11930000,18340000,119.0,2015
the ninth gate,38000000,58401898,133.0,1999
game change,0,0,118.0,2012
penelope,15000000,0,104.0,2006
igby goes down,9000000,4777465,98.0,2002
the decline of western civilization part ii: the metal years,0,0,93.0,1988
"jeff, who lives at home",10000000,4417580,83.0,2011
the war zone,0,0,98.0,1999
the party,1500000,0,100.0,2017
stake land,650000,33245,98.0,2010
alive inside,0,0,78.0,2014
the hospital,0,0,103.0,1971
like crazy,250000,3542353,86.0,2011
internal affairs,0,27734391,115.0,1990
changing lanes,45000000,94935764,98.0,2002
nas: time is illmatic,0,0,74.0,2014
agora,70000000,39041505,127.0,2009
trees lounge,0,0,95.0,1996
suburbia,0,0,94.0,1984
suburbia,0,0,94.0,1984
the first time,0,0,95.0,2012
salmon fishing in the yemen,0,34564651,107.0,2012
battle of britain,12000000,0,132.0,1969
the tuskegee airmen,0,0,106.0,1995
support your local sheriff,0,0,92.0,1969
burn notice: the fall of sam axe,0,0,120.0,2011
the plague dogs,0,0,103.0,1982
wendy and lucy,200000,0,80.0,2008
rat race,48000000,85498534,112.0,2001
rivers and tides,0,0,90.0,2001
beneath hill 60,7347125,0,122.0,2010
recount,0,0,116.0,2008
dragonslayer,18000000,6000000,108.0,1981
lawn dogs,7000000,0,101.0,1997
reefer madness: the movie musical,0,0,112.0,2006
mardaani,0,0,113.0,2014
out of time,50000000,55495563,105.0,2003
d.o.a.,0,12706478,83.0,1950
the long riders,10000000,15795189,100.0,1980
kill the irishman,0,1188194,106.0,2011
mr. mom,0,64783827,91.0,1983
the falcon and the snowman,0,0,131.0,1985
eye of the needle,0,18000000,112.0,1981
avanti!,0,0,144.0,1972
a girl like her,0,0,91.0,2015
still mine,0,0,102.0,2012
why we fight,0,0,98.0,2005
bill & ted's bogus journey,0,0,93.0,1991
bones brigade: an autobiography,110,0,90.0,2012
the young and prodigious t.s. spivet,33000000,9494789,105.0,2013
the kentucky fried movie,600000,0,83.0,1977
the ninth configuration,0,0,118.0,1980
an american crime,2000000,0,98.0,2007
dick tracy,47000000,103738726,105.0,1990
coffy,500000,0,90.0,1973
we are legion: the story of the hacktivists,0,0,93.0,2012
the island,126000000,162949164,136.0,2006
neds,0,0,124.0,2010
the cutting edge,0,25105517,101.0,1992
meet the patels,0,0,88.0,2015
f/x,0,20603715,109.0,1986
the true cost,0,0,92.0,2015
liquid sky,0,0,112.0,1982
i capture the castle,0,0,113.0,2003
bully,0,480811,108.0,2001
bully,1100000,0,108.0,2001
the midnight meat train,15000000,3533227,98.0,2008
10 rillington place,0,0,111.0,1971
the man in the iron mask,0,0,132.0,1998
the man in the iron mask,0,0,132.0,1998
breakfast on pluto,0,0,128.0,2005
the big easy,0,0,102.0,1986
finders keepers,0,0,82.0,2015
finders keepers,0,0,82.0,2015
you're not you,0,11486,102.0,2014
that sugar film,0,0,90.0,2014
meatballs,0,0,94.0,1979
morvern callar,0,0,97.0,2002
the soloist,60000000,31720158,117.0,2009
class of 1984,4300000,0,98.0,1982
electrick children,0,0,96.0,2012
the first great train robbery,6000000,0,110.0,1978
conversations with other women,450000,973525,84.0,2006
james white,0,0,85.0,2015
next,70000000,18211013,96.0,2007
grave encounters,1000000,0,92.0,2011
spun,2000000,0,101.0,2002
a late quartet,0,1562546,105.0,2012
inferno,15000000,0,121.0,1980
inferno,3000000,0,121.0,1980
frequently asked questions about time travel,0,0,83.0,2009
the vanishing,0,0,107.0,2018
antarctica: a year on ice,1000000,0,91.0,2013
the ultimate gift,0,0,114.0,2006
alice sweet alice,0,0,107.0,1976
to end all wars,0,0,125.0,2001
the shooting,75000,0,82.0,1966
two hands,0,0,103.0,1999
savior,10000000,0,103.0,1998
young sherlock holmes,18000000,0,109.0,1985
narco cultura,0,0,103.0,2013
baby boom,0,0,110.0,1987
oddball,0,0,95.0,2015
ill manors,170000,0,121.0,2012
hollywood shuffle,0,0,78.0,1987
cutter's way,3000000,0,109.0,1981
the front,0,0,95.0,1976
across 110th street,0,0,102.0,1972
eden,0,65460,131.0,2012
eden,0,0,131.0,2012
little big man,15000000,31559552,139.0,1970
rabid,530000,0,107.0,1977
convoy,12000000,22765081,110.0,1978
the exorcist iii,0,39024251,110.0,1990
long weekend,0,0,97.0,1978
long weekend,0,0,97.0,1978
animal factory,0,0,94.0,2000
the prophecy,8,16,98.0,1995
the way of the gun,0,19125401,119.0,2000
soapdish,0,36489888,97.0,1991
big fan,250000,232732,88.0,2009
night owls,0,0,90.0,2015
robin hood,200000000,310669540,140.0,1922
robin hood,15000000,32056467,140.0,1922
palo alto,0,0,100.0,2014
the opposite of sex,5000000,5879254,105.0,1998
hidden agenda,0,1030938,108.0,1990
elizabethtown,57000000,52034889,123.0,2005
g.b.f.,0,0,92.0,2013
i spit on your grave,2000000,572809,108.0,2010
american gigolo,4800000,22743674,117.0,1980
something from nothing: the art of rap,0,288312,106.0,2012
the age of stupid,0,0,92.0,2009
two night stand,0,18612,86.0,2014
the four feathers,35000000,29882645,132.0,2002
the joneses,10000000,7022728,96.0,2010
the hornet's nest,0,0,93.0,2014
the house that dripped blood,0,0,102.0,1971
the big kahuna,7000000,3728888,90.0,2000
master of the universe,0,0,88.0,2013
airplane ii: the sequel,0,27150534,85.0,1982
puncture,0,68945,100.0,2011
shade,6800000,0,101.0,2003
saint ralph,0,0,98.0,2005
society,0,0,99.0,1989
stigmata,29000000,50041732,103.0,1999
"tomorrow, when the war began",27000000,16504936,103.0,2010
the poughkeepsie tapes,0,0,81.0,2007
home for the holidays,0,17519169,103.0,1995
the wild and wonderful whites of west virginia,0,0,86.0,2009
bellflower,17000,101236,106.0,2011
streetdance 3d,5773100,18144030,98.0,2010
life itself,0,0,117.0,2018
pantani: the accidental death of a cyclist,0,0,96.0,2014
biggie and tupac,0,0,108.0,2002
the grand seduction,12700000,3430018,113.0,2013
a man called horse,0,0,114.0,1970
nina forever,0,0,98.0,2015
hawking,0,0,90.0,2013
louder than bombs,11000000,0,109.0,2015
soaked in bleach,0,0,90.0,2015
the uninvited,0,41624046,87.0,2009
twins of evil,0,0,87.0,1971
welcome to me,0,0,87.0,2014
the collector,3400000,9444018,90.0,2009
vampire's kiss,2000000,725131,103.0,1988
foxy brown,500000,0,92.0,1974
cleanskin,0,0,108.0,2012
the boy,0,0,97.0,2016
the private lives of pippa lee,0,0,98.0,2009
evelyn,0,0,94.0,2002
geography club,0,0,84.0,2013
clear history,0,0,101.0,2013
fritz the cat,850000,0,78.0,1972
nightbreed,11000000,8862354,102.0,1990
the house of magic,34000000,0,85.0,2013
the words,6000000,13231461,102.0,2012
party monster,5000000,742898,98.0,2003
the brothers grimm,88000000,105316267,118.0,2005
the stuff,1700000,0,87.0,1985
chi-raq,0,0,127.0,2015
escobar: paradise lost,17000000,0,120.0,2014
shoot to kill,0,29300000,110.0,1988
into the blue,50000000,44434439,110.0,2005
the descent: part 2,0,0,94.0,2009
me without you,0,0,107.0,2001
tales of halloween,0,0,92.0,2015
battle in seattle,8000000,908847,99.0,2007
dark blue,15000000,9237470,118.0,2002
happythankyoumoreplease,0,215576,100.0,2011
bottle shock,5000000,4040588,110.0,2008
big nothing,0,0,86.0,2006
friday the 13th part 2,1250000,21722776,87.0,1981
the reef,0,0,94.0,2010
what richard did,0,0,88.0,2012
the perfect game,12500000,3878993,118.0,2010
the possession,14000000,85446075,92.0,2012
cecil b. demented,10000000,0,87.0,2000
tideland,12000000,0,120.0,2005
species,35000000,113000000,108.0,1995
once i was a beehive,0,732655,119.0,2015
shottas,200000,0,95.0,2002
the golden child,25000000,79817939,94.0,1986
kaante,0,0,150.0,2002
the suicide theory,0,0,98.0,2015
lady jane,8500000,0,136.0,1986
joe,4000000,2365467,117.0,1970
black sunday,0,0,87.0,1977
upside down,60000000,8106475,109.0,2012
hyena road,0,0,120.0,2015
the mechanic,40000000,51070807,93.0,1972
the mechanic,0,0,93.0,1972
the front page,4000000,0,101.0,1931
adore,16000000,318982,112.0,2013
nicholas and alexandra,0,0,183.0,1971
the sisterhood of night,0,0,104.0,2015
not suitable for children,0,0,97.0,2012
the foot fist way,79000,245000,85.0,2006
pathology,8000000,0,95.0,2008
parkland,10000000,653651,93.0,2013
some guy who kills people,300000,0,97.0,2011
good dick,0,0,86.0,2008
the keeping room,0,0,95.0,2014
100 bloody acres,0,0,91.0,2012
goya's ghosts,50000000,9448082,113.0,2006
the poker house,0,0,93.0,2008
de-lovely,20000000,0,125.0,2004
afternoon delight,0,0,98.0,2013
cuban fury,0,0,98.0,2014
body bags,0,0,91.0,1993
gone in 60 seconds,0,0,118.0,1974
super high me,0,0,94.0,2007
the greatest story ever told,20000000,12000000,260.0,1965
the summit,0,0,95.0,2012
ashby,0,0,100.0,2015
northern soul,0,0,102.0,2014
"new york, i love you",14700000,8049666,103.0,2008
undertow,0,143597,71.0,2004
life of a king,0,0,100.0,2013
paint your wagon,0,0,164.0,1969
essential killing,3167000,0,83.0,2010
creation,0,0,108.0,2009
q,0,0,103.0,1982
night of the demons,10000000,0,90.0,1988
night of the demons,1200000,3109904,90.0,1988
boy wonder,0,0,93.0,2010
blue chips,0,0,108.0,1994
interview,0,0,105.0,2007
kites,0,0,123.0,2010
mr. nice,0,850994,121.0,2010
gulliver's travels,112000000,237382724,85.0,1939
gulliver's travels,28000000,0,85.0,1939
bride of re-animator,2000000,0,96.0,1990
1492: conquest of paradise,47000000,7191399,154.0,1992
the 51st state,28,0,93.0,2001
sirens,0,7770731,98.0,1994
the heart is deceitful above all things,74050,176153,98.0,2004
goin' south,0,0,105.0,1978
wake wood,0,0,90.0,2011
paper man,0,0,110.0,2009
double impact,15000000,30102717,110.0,1991
creepshow 2,3500000,14000000,92.0,1987
life,12000000,0,104.0,2015
life,0,0,104.0,2015
life,80000000,73345029,104.0,2015
the cat's meow,7000000,3646994,114.0,2001
falcon rising,0,0,103.0,2014
from time to time,0,0,92.0,2010
the portrait of a lady,0,3692836,144.0,1996
blue hawaii,0,0,102.0,1961
stop-loss,25000000,11207130,112.0,2008
absolutely anything,0,5189646,85.0,2015
chopping mall,800000,0,77.0,1986
felony,0,0,105.0,2014
red lights,14000000,13551174,114.0,2012
test,0,0,101.0,2013
twilight,37000000,392616625,122.0,1998
twilight,0,0,122.0,1998
bravetown,0,0,112.0,2015
the alibi,0,0,90.0,2006
feast of love,0,5741608,97.0,2007
humanoids from the deep,0,0,80.0,1980
letters to god,0,0,110.0,2010
at middleton,2500000,0,99.0,2013
flashbacks of a fool,0,1107542,109.0,2008
bmx bandits,980385,0,88.0,1983
in the electric mist,0,0,117.0,2009
hands of the ripper,0,0,85.0,1971
alex of venice,0,0,86.0,2015
kurt & courtney,0,0,95.0,1998
the slumber party massacre,0,0,77.0,1982
the quiet,900000,381420,96.0,2005
zombeavers,0,14947,77.0,2014
23 blast,0,0,98.0,2014
heartburn,0,0,108.0,1986
big ass spider!,0,0,80.0,2013
book of blood,0,0,100.0,2009
little secrets,0,0,96.0,2001
necessary roughness,0,0,108.0,1991
serenity,39000000,38869464,106.0,2019
losing isaiah,17000000,7603766,111.0,1995
killers,75000000,98159963,100.0,2010
mr. pip,0,0,116.0,2012
art school confidential,0,0,102.0,2006
hemingway & gellhorn,19500000,0,155.0,2012
school of life,0,0,116.0,2017
the baytown outlaws,4000000,0,98.0,2012
love the coopers,17000000,24000000,107.0,2015
switchback,37000000,6482195,118.0,1997
hatchet iii,0,0,81.0,2013
the phantom,0,0,100.0,1996
the phantom,45000000,17300889,100.0,1996
phantasm iii: lord of the dead,2500000,0,91.0,1994
the million dollar hotel,8000000,0,122.0,2000
isolation,5000000,0,95.0,2005
ted bundy,0,0,99.0,2002
a.c.o.d.,0,175705,88.0,2013
the funhouse massacre,0,0,90.0,2015
the relic,60000000,33956608,110.0,1997
the double,0,200406,180.0,2011
the double,17000000,3696232,180.0,2011
mad money,0,0,104.0,2008
tracers,11000000,1863315,94.0,2015
wassup rockers,0,634074,111.0,2005
jolene,0,0,121.0,2008
frankie & alice,0,693181,101.0,2010
sharknado,1000000,0,86.0,2013
mambo italiano,4361898,3031801,88.0,2003
young ones,0,0,100.0,2014
rock-a-doodle,18000000,11657385,74.0,1991
about alex,0,0,99.0,2014
eating out,50000,0,90.0,2004
the saratov approach,0,0,107.0,2013
extinction,0,0,95.0,2015
maniac cop 2,4000000,0,90.0,1990
edmond,10,0,110.0,2005
battle beyond the stars,2000000,11000000,104.0,1980
ooops! noah is gone...,6000000,0,87.0,2015
wilderness,0,0,93.0,2006
cesar chavez,10000000,0,102.0,2014
delirious,0,0,96.0,1991
the comedy,0,0,95.0,2012
spread,0,12032983,97.0,2009
dead birds,1500000,0,91.0,2005
open grave,0,0,102.0,2013
jennifer eight,20000000,11390479,124.0,1992
art & copy,0,0,89.0,2009
asylum,22000000,0,99.0,1972
asylum,0,0,99.0,1972
the babysitters,0,44852,88.0,2007
raw deal,8500000,16209459,106.0,1986
joshua,0,719968,106.0,2002
beowulf & grendel,0,92076,103.0,2005
frankenstein's army,0,0,84.0,2013
a little bit of heaven,0,1296937,106.0,2011
madame bovary,0,0,118.0,2015
hanover street,0,0,109.0,1979
the quiet ones,200000,17834867,98.0,2014
henry's crime,12000000,204940,108.0,2010
the motel life,0,0,85.0,2012
the town that dreaded sundown,0,0,90.0,1976
the town that dreaded sundown,0,0,90.0,1976
canadian bacon,11000000,178104,91.0,1995
in secret,0,0,107.0,2013
forbidden world,0,0,77.0,1982
hatchet ii,2500000,52604,85.0,2010
breakin' 2: electric boogaloo,0,0,94.0,1984
fear x,0,0,91.0,2003
the english teacher,0,104810,93.0,2013
low down,0,0,114.0,2014
assault on wall street,0,0,99.0,2013
madman,0,0,88.0,1981
a guy thing,20000000,17432163,101.0,2003
terror train,3500000,0,97.0,1980
down to earth,0,0,87.0,2001
passion,30000000,0,127.0,2012
f/x2,16400000,0,108.0,1991
the calling,0,0,108.0,2014
leviathan,0,0,98.0,1989
leviathan,0,15704614,98.0,1989
casino jack,12500000,1083683,108.0,2010
khumba,20000000,27187375,85.0,2013
regression,0,17671101,106.0,2015
powder blue,0,0,106.0,2009
hello mary lou: prom night ii,0,2683519,97.0,1987
violet & daisy,0,0,88.0,2011
half light,0,0,110.0,2006
left behind,16000000,19682924,110.0,2000
left behind,0,0,110.0,2000
cbgb,0,40400,102.0,2013
the oblong box,175000,0,96.0,1969
c.h.u.d.,1250000,3412497,88.0,1984
the world made straight,0,0,119.0,2015
phil spector,0,0,92.0,2013
the weight of water,16000000,109130,114.0,2000
attack of the killer tomatoes!,90000,0,83.0,1978
another happy day,4000000,355688,119.0,2011
bad ass,0,0,90.0,2012
sharknado 2: the second one,0,0,95.0,2014
flowers in the attic,0,0,86.0,1987
flowers in the attic,0,0,86.0,1987
maya the bee movie,0,0,89.0,2014
plush,0,0,99.0,2013
bio-dome,15000000,0,88.0,1996
so undercover,0,0,94.0,2012
cavemen,0,0,88.0,2013
grave encounters 2,0,0,95.0,2012
the devil's violinist,0,11294,122.0,2013
unfinished business,35000000,14431253,91.0,2015
blueberry,53000000,0,124.0,2004
robot overlords,21000000,0,90.0,2015
tower block,0,0,90.0,2012
bait,30000000,0,93.0,2000
bait,35000000,0,93.0,2000
dead heat,5000000,0,86.0,1988
walt before mickey,0,0,107.0,2015
final girl,0,0,90.0,2015
wild bill,0,0,98.0,1995
pressure,0,0,91.0,2015
the girl,0,0,91.0,2012
walter,700000,0,94.0,2015
swimfan,8500000,0,85.0,2002
anguish,0,0,86.0,2015
the adventurer: the curse of the midas box,25000000,6399,100.0,2013
the ladies man,24000000,13700000,84.0,2000
the ladies man,0,0,84.0,2000
good,0,0,92.0,2008
strangerland,10000000,17472,112.0,2015
hick,0,0,99.0,2011
almost an angel,0,0,95.0,1990
blood and chocolate,0,0,98.0,2007
the ultimate life,0,0,105.0,2013
heaven,11000000,0,88.0,1987
song one,6000000,32251,86.0,2015
sassy pants,0,0,88.0,2012
strange wilderness,0,6575282,87.0,2008
class of nuke 'em high,2000000,0,85.0,1986
a good marriage,0,0,102.0,2014
home of the brave,12000000,0,106.0,2006
a little trip to heaven,12000000,0,98.0,2005
the chaperone,0,0,103.0,2011
air,0,0,95.0,2015
age of heroes,0,0,90.0,2011
as i lay dying,0,0,110.0,2013
and while we were here,0,0,83.0,2013
yellowbrickroad,500000,0,98.0,2010
black moon rising,0,6637565,100.0,1986
riders,0,0,83.0,2002
transylvania 6-5000,0,0,93.0,1985
shine,0,0,105.0,2017
alien trespass,0,0,90.0,2009
house arrest,0,0,108.0,1996
crocodile dundee in los angeles,21150000,39438674,92.0,2001
a little help,0,0,109.0,2010
3 nights in the desert,0,0,90.0,2014
women in trouble,3000000,18097,92.0,2009
boys of abu ghraib,0,0,102.0,2014
the sand,0,0,84.0,2015
they wait,0,0,99.0,2007
dirty,3000000,0,97.0,2005
the return of swamp thing,0,192816,88.0,1989
sharknado 3: oh hell no!,0,0,93.0,2015
child of god,0,0,104.0,2014
the inhabitants,0,0,90.0,2015
the pebble and the penguin,28000000,3983912,74.0,1995
arthur newman,0,0,93.0,2012
chapter 27,0,0,84.0,2007
harbinger down,0,0,82.0,2015
new rose hotel,0,0,93.0,1999
bless the child,40000000,0,107.0,2000
are you here,0,0,114.0,2013
postman pat: the movie,0,0,88.0,2014
bad kids go to hell,0,0,91.0,2012
cottage country,0,0,91.0,2013
starcrash,0,0,92.0,1978
eichmann,8000000,0,122.0,2007
home sweet hell,3000000,0,98.0,2015
the living,500000,0,89.0,2014
hansel and gretel get baked,4500000,0,86.0,2013
loverboy,0,0,99.0,2005
loverboy,0,3960327,99.0,2005
my boss's daughter,14000000,0,86.0,2003
postal,0,0,100.0,2007
chasers,0,1596687,102.0,1994
man about town,0,0,96.0,2006
dead man running,0,0,92.0,2009
fled,25000000,17193231,98.0,1996
lucky numbers,65000000,0,105.0,2000
the statement,0,0,120.0,2003
carpool,17000000,0,89.0,1996
chain letter,0,0,88.0,2010
the lookalike,0,0,100.0,2014
hellbenders,0,0,90.0,2013
anastasia,53000000,139804348,94.0,1997
happily n'ever after,0,0,75.0,2006
the dinosaur project,0,0,83.0,2012
paradise,0,0,100.0,2013
the benefactor,0,0,93.0,2015
double dragon,3500000,2341309,96.0,1994
kickin' it old skool,0,0,108.0,2007
fresh,0,0,114.0,2009
free ride,0,0,86.0,2013
the romantics,4500000,123820,95.0,2010
sparkle,14000000,24637469,116.0,2007
jinn,0,149337,97.0,2014
the babymakers,0,0,95.0,2012
wild horses,0,0,100.0,2015
under the bed,0,0,87.0,2012
surf nazis must die,0,0,83.0,1987
beneath,89,0,90.0,2013
beneath,0,0,90.0,2013
accidental love,26000000,0,100.0,2015
antisocial,0,0,116.0,2013
"silent night, deadly night part 2",250000,154323,88.0,1987
miss conception,0,0,104.0,2008
bloodrayne,25000000,2405420,95.0,2005
nightlight,0,0,85.0,2015
teen wolf too,0,0,95.0,1987
amnesiac,3000000,0,90.0,2015
i am here,0,0,97.0,2014
passion play,15000000,0,94.0,2011
club life,0,4444,87.0,2015
age of the dragons,5000000,0,91.0,2011
mega piranha,0,0,92.0,2010
the lion king,45000000,788241776,118.0,1994
toy story,30000000,361958736,81.0,1995
up,175000000,731342744,96.0,2009
guardians of the galaxy,170000000,773312399,121.0,2014
finding nemo,94000000,864625978,100.0,2003
coco,0,0,105.0,2017
toy story 3,200000000,1063171911,103.0,2010
"monsters, inc.",115000000,562816256,92.0,2001
star wars: the force awakens,200000000,2068178225,138.0,2015
the princess bride,16000000,30857814,98.0,1987
ratatouille,150000000,623722818,111.0,2007
captain america: the winter soldier,170000000,714766572,136.0,2014
aladdin,28000000,504050219,128.0,1992
toy story 2,90000000,485015179,92.0,1999
the incredibles,92000000,631442092,115.0,2004
pirates of the caribbean: the curse of the black pearl,140000000,655011224,143.0,2003
big hero 6,165000000,652105443,102.0,2014
doctor strange,0,0,115.0,2016
frozen,0,3065860,102.0,2013
frozen,150000000,1274219009,102.0,2013
the nightmare before christmas,18000000,75634409,76.0,1993
tangled,260000000,591794936,100.0,2010
wreck-it ralph,165000000,471222889,101.0,2012
ant-man,130000000,518602163,117.0,2015
avengers: age of ultron,280000000,1405035767,141.0,2015
mary poppins,6000000,102272727,139.0,1964
who framed roger rabbit,70000000,329803958,104.0,1988
mulan,90000000,304320254,115.0,1998
iron man 3,200000000,1215439994,130.0,2013
the sound of music,8200000,163214286,172.0,1965
ice age,59000000,383257136,81.0,2002
cars,120000000,461983149,117.0,2006
monsters university,200000000,743559607,104.0,2013
a bug's life,120000000,363398565,95.0,1998
the jungle book,0,0,106.0,1967
the jungle book,4000000,205843612,106.0,1967
remember the titans,30000000,136706683,113.0,2000
brave,185000000,538983207,93.0,2012
the simpsons movie,75000000,527068851,87.0,2007
the emperor's new groove,100000000,169327687,78.0,2000
the straight story,10000000,0,112.0,1999
one hundred and one dalmatians,4000000,215880014,79.0,1961
pinocchio,0,0,120.0,1940
thor: the dark world,170000000,479765000,112.0,2013
lilo & stitch,80000000,145771527,85.0,2002
pirates of the caribbean: dead man's chest,200000000,1065659812,151.0,2006
alice in wonderland,200000000,1025467110,108.0,1951
alice in wonderland,21000000,0,108.0,1951
alice in wonderland,0,0,108.0,1951
peter pan,100000000,121975011,113.0,1953
peter pan,0,0,113.0,1953
"the chronicles of narnia: the lion, the witch and the wardrobe",180000000,748806957,143.0,2005
"the chronicles of narnia: the lion, the witch and the wardrobe",0,0,143.0,2005
miracle on 34th street,0,46264384,96.0,1947
pirates of the caribbean: at world's end,300000000,961000000,169.0,2007
the many adventures of winnie the pooh,0,0,74.0,1977
star wars: episode ii - attack of the clones,120000000,649398328,142.0,2002
mickey's christmas carol,3000000,21000000,26.0,1983
star wars: episode i - the phantom menace,115000000,924317558,136.0,1999
cool runnings,14000000,154864401,98.0,1993
the parent trap,0,0,128.0,1998
the parent trap,0,0,128.0,1998
the muppet christmas carol,0,27281507,85.0,1992
treasure planet,140000000,109578115,95.0,2002
the fox and the hound,12000000,29800000,83.0,1981
holes,20000000,0,117.0,2003
pete's dragon,10000000,0,102.0,2016
the good dinosaur,175000000,331926147,93.0,2015
frankenweenie,39000000,81491068,87.0,2012
frankenweenie,0,0,87.0,2012
tron,17000000,33000000,125.0,1982
winnie the pooh,30000000,14460000,104.0,2011
tron: legacy,170000000,400062763,125.0,2010
the sword in the stone,0,0,79.0,1963
the aristocats,4000000,55675257,78.0,1970
homeward bound: the incredible journey,0,0,84.0,1993
the chronicles of narnia: prince caspian,225000000,419651413,150.0,2008
the great mouse detective,14000000,82424789,74.0,1986
flight of the navigator,0,18564613,90.0,1986
james and the giant peach,38000000,28921264,79.0,1996
willow,35000000,57269863,126.0,1988
meet the robinsons,150000000,169332978,95.0,2007
fantasia 2000,80000000,90874570,75.0,1999
tinker bell,48000000,0,78.0,2008
the rescuers,1200000,71215869,78.0,1977
eight below,40000000,120455994,120.0,2006
invincible,0,57806952,137.0,2006
sister act,31000000,231605150,100.0,1992
john carter,260000000,284139100,132.0,2012
freaky friday,26000000,110230332,97.0,2003
freaky friday,0,0,97.0,2003
the santa clause,22000000,189833357,97.0,1994
descendants,0,0,112.0,2015
"honey, i shrunk the kids",32000000,222724172,93.0,1989
phineas and ferb the movie: across the 2nd dimension,0,0,78.0,2011
pirates of the caribbean: on stranger tides,380000000,1021683000,137.0,2011
the bfg,0,0,117.0,2016
the princess diaries,37000000,165335153,111.0,2001
national treasure: book of secrets,130000000,457363168,124.0,2007
ducktales: the movie - treasure of the lost lamp,0,0,74.0,1990
a goofy movie,0,35348597,78.0,1995
the greatest game ever played,25000000,15431177,120.0,2005
tinker bell and the lost treasure,0,0,81.0,2009
bedknobs and broomsticks,20000000,0,117.0,1971
hocus pocus,28000000,39514713,96.0,1993
secretariat,35000000,60251371,123.0,2010
muppet treasure island,0,34327391,99.0,1996
the rescuers down under,37931000,27931461,77.0,1990
the rocketeer,42000000,62000000,108.0,1991
high school musical,4200000,0,98.0,2006
atlantis: the lost empire,120000000,186053725,95.0,2001
the great muppet caper,0,0,97.0,1981
teen beach movie,0,0,110.0,2013
journey to the center of the earth,0,0,93.0,1959
journey to the center of the earth,45000000,101702060,93.0,1959
pollyanna,0,0,134.0,1960
high school musical 2,0,7000000,104.0,2007
halloweentown,0,0,84.0,1998
brother bear,100000000,250,85.0,2003
millions,0,6584159,98.0,2004
muppets most wanted,50000000,80383113,107.0,2014
the journey of natty gann,0,2135577,101.0,1985
secret of the wings,0,0,75.0,2012
cars 2,200000000,559852396,106.0,2011
tinker bell and the great fairy rescue,0,0,76.0,2010
adventures in babysitting,0,34368475,102.0,2016
dinosaur,127500000,354248063,82.0,2000
oliver & company,0,0,74.0,1988
monkey kingdom,0,16661077,81.0,2015
that darn cat!,0,0,116.0,1965
african cats,0,15240456,89.0,2011
newsies,15000000,0,121.0,1992
tuck everlasting,0,0,90.0,2002
the love bug,0,0,108.0,1968
the love bug,0,0,108.0,1968
high school musical 3: senior year,0,0,112.0,2008
return to oz,25000000,11137801,113.0,1985
blackbeard's ghost,0,0,106.0,1968
chimpanzee,0,0,78.0,2012
the absent-minded professor,0,0,92.0,1961
camp rock,0,0,94.0,2008
pooh's heffalump movie,0,0,68.0,2005
turner & hooch,0,71079915,97.0,1989
princess protection program,0,0,90.0,2009
diary of a wimpy kid,15000000,75700498,120.0,2010
the odd life of timothy green,0,51854875,105.0,2012
splash,8000000,69821334,111.0,1984
the princess diaries 2: royal engagement,40000000,95149435,113.0,2004
the black cauldron,25000000,21288692,80.0,1985
the game plan,22000000,147880543,110.0,2007
cinderella iii: a twist in time,8000000,0,74.0,2007
waking sleeping beauty,0,80,86.0,2009
the tigger movie,30000000,45554533,77.0,2000
escape to witch mountain,0,20000000,97.0,1975
101 dalmatians,54000000,320689294,103.0,1996
the last song,0,0,107.0,2010
george of the jungle,55000000,0,92.0,1997
the santa clause 2,65000000,172855065,104.0,2002
heavyweights,0,17689177,100.0,1995
ice princess,25000000,27645491,98.0,2005
bedtime stories,80000000,212874442,99.0,2008
cheaper by the dozen,40000000,190212113,98.0,2003
an extremely goofy movie,0,0,79.0,2000
twitches,0,0,86.0,2005
iron will,0,0,108.0,1994
aladdin and the king of thieves,0,0,81.0,1996
piglet's big movie,0,0,75.0,2003
because of winn-dixie,14000000,32645546,106.0,2005
mickey's once upon a christmas,0,0,66.0,1999
deep blue,0,0,105.0,2003
red tails,58000000,50365377,125.0,2012
lilo & stitch 2: stitch has a glitch,0,0,68.0,2005
doctor dolittle,71000000,294456605,85.0,1998
doctor dolittle,18000000,9000000,85.0,1998
brother bear 2,0,0,74.0,2006
camp rock 2: the final jam,0,0,97.0,2010
recess: school's out,10000000,44460850,82.0,2001
the adventures of huck finn,0,0,108.0,1993
big business,0,0,97.0,1988
bambi ii,0,0,75.0,2006
the cheetah girls,0,0,100.0,2003
hannah montana: the movie,35000000,155545279,102.0,2009
herbie rides again,0,0,88.0,1974
the apple dumpling gang,0,0,100.0,1975
101 dalmatians ii: patch's london adventure,0,0,74.0,2003
mighty joe young,90000000,0,114.0,1998
thumbelina,28000000,11373501,86.0,1994
the lizzie mcguire movie,17000000,55534455,94.0,2003
the cat from outer space,0,0,104.0,1978
rookie of the year,0,53579269,103.0,1993
sister act 2: back in the habit,38000000,57319029,107.0,1993
homeward bound ii: lost in san francisco,0,32709423,88.0,1996
jump in!,0,0,85.0,2007
the black hole,0,0,98.0,1979
the black hole,3500000,0,98.0,1979
the black hole,20000000,35841901,98.0,1979
lady and the tramp ii: scamp's adventure,0,0,69.0,2001
around the world in 80 days,110000000,72178895,120.0,2004
flubber,80000000,177977226,93.0,1997
the return of jafar,0,0,69.0,1994
aliens of the deep,0,0,100.0,2005
"mickey, donald, goofy: the three musketeers",0,0,68.0,2004
the little mermaid: ariel's beginning,0,0,77.0,2008
pooh's grand adventure: the search for christopher robin,0,0,76.0,1997
jack,45000000,58620973,122.0,1996
return to never land,20000000,109862682,72.0,2002
the shaggy dog,50000000,61112916,104.0,1959
herbie goes to monte carlo,0,0,105.0,1977
home on the range,110000000,103951461,76.0,2004
the little mermaid ii: return to the sea,0,0,75.0,2000
the cheetah girls: one world,0,0,90.0,2008
leroy & stitch,0,0,73.0,2006
herbie fully loaded,50000000,66002004,101.0,2005
a wrinkle in time,0,0,109.0,2018
benji the hunted,0,0,88.0,1987
the even stevens movie,0,0,93.0,2003
mars needs moms,150000000,38992758,88.0,2011
sharpay's fabulous adventure,0,0,90.0,2011
home alone 3,32000000,79082515,102.0,1997
beauty and the beast: the enchanted christmas,0,0,72.0,1997
stitch! the movie,0,0,60.0,2003
babes in toyland,0,0,106.0,1961
g-force,150000000,292817841,88.0,2009
snow dogs,33000000,0,99.0,2002
dr. dolittle 2,70000000,176104344,87.0,2001
camp nowhere,0,0,96.0,1994
honey i blew up the kid,40000000,58662452,89.0,1992
the computer wore tennis shoes,0,0,91.0,1969
102 dalmatians,85000000,183611771,100.0,2000
the santa clause 3: the escape clause,0,84500122,97.0,2006
return from witch mountain,0,16393000,95.0,1978
prom,8000000,10130000,104.0,2011
the wild,80000000,37384046,117.0,2006
valiant,35000000,19478106,76.0,2005
the haunted mansion,90000000,182290266,99.0,2003
jungle 2 jungle,0,0,105.0,1997
hannah montana & miley cyrus: best of both worlds concert,0,0,74.0,2008
tom and huck,0,0,97.0,1995
pocahontas ii: journey to a new world,0,0,72.0,1998
the fox and the hound 2,24000000,0,69.0,2006
"honey, we shrunk ourselves",7000000,0,74.0,1997
the jungle book 2,20000000,135680000,72.0,2003
i'll be home for christmas,30000000,0,86.0,1998
confessions of a teenage drama queen,15000000,29331068,89.0,2004
the brave little toaster to the rescue,0,0,74.0,1997
blank check,13000000,0,93.0,1994
cinderella ii: dreams come true,5000000,0,73.0,2002
belle's magical world,0,0,92.0,1998
tarzan & jane,0,0,75.0,2002
operation dumbo drop,0,0,107.0,1995
herbie goes bananas,0,0,100.0,1980
first kid,0,0,101.0,1996
college road trip,0,68397662,83.0,2008
the hunchback of notre dame ii,0,0,68.0,2002
jonas brothers: the concert experience,0,0,76.0,2009
inspector gadget 2,80000000,0,89.0,2003
doug's 1st movie,0,0,77.0,1999
a kid in king arthur's court,0,0,89.0,1995
george of the jungle 2,0,0,87.0,2003
kazaam,20000000,0,93.0,1996
